﻿No.,Institution,Country Region,World Rank,National Rank,Alumni,Award,HiCi,N&S,PUB,PCP,Total Score,Free
1,哈佛大学Harvard University,USA,1,1,100.0,100.0,100.0,100.0,100.0,76.6,100.0,免费评估
2,斯坦福大学Stanford University,USA,2,2,40.7,89.6,80.1,70.1,70.6,53.8,73.3,免费评估
3,麻省理工学院Massachusetts Institute of Technology,USA,3,3,68.2,80.7,60.6,73.1,61.1,68.0,70.4,免费评估
4,"University of California, Berkeley",USA,4,4,65.1,79.4,66.1,65.6,67.9,56.5,69.6,免费评估
5,剑桥大学University of Cambridge,UK,5,1,77.1,96.6,50.8,55.6,66.4,55.8,68.8,免费评估
6,普林斯顿大学Princeton University,USA,6,5,53.3,93.4,57.1,43.0,42.4,70.3,61.0,免费评估
7,加利福尼亚理工学院California Institute of Technology,USA,7,6,49.5,66.7,49.3,56.4,44.0,100.0,59.6,免费评估
8,哥伦比亚大学Columbia University,USA,8,7,63.5,65.9,52.1,51.9,68.8,33.2,58.8,免费评估
9,芝加哥大学The University of Chicago,USA,9,8,59.8,86.3,49.0,42.9,49.8,42.0,57.1,免费评估
10,牛津大学University of Oxford,UK,10,2,49.7,54.9,52.3,51.9,70.9,43.1,56.6,免费评估
11,耶鲁大学Yale University,USA,11,9,47.6,50.4,51.0,58.8,63.0,37.8,54.5,免费评估
12,"University of California, Los Angeles",USA,12,10,29.5,47.1,52.3,47.2,70.7,31.6,50.7,免费评估
13,康奈尔大学Cornell University,USA,13,11,42.0,49.8,50.4,45.3,59.9,40.2,50.5,免费评估
14,"University of California, San Diego",USA,14,12,19.2,35.5,56.6,55.1,62.9,36.6,48.7,免费评估
15,"西雅图华盛顿大学University of Washington,Seattle Campus",USA,15,13,21.2,31.6,53.0,51.7,71.9,29.3,47.8,免费评估
16,约翰霍普金斯大学Johns Hopkins University,USA,16,14,37.7,33.6,44.0,44.9,70.2,28.8,46.3,免费评估
17,宾夕法尼亚大学University of Pennsylvania,USA,17,15,31.6,33.8,49.6,39.6,67.7,37.4,46.1,免费评估
18,伦敦大学学院University College London,UK,18,3,28.1,36.2,38.5,40.6,71.7,32.7,44.5,免费评估
19,"University of California, San Francisco",USA,18,16,0.0,39.9,46.8,53.5,59.5,34.9,44.5,免费评估
20,Swiss Federal Institute of Technology Zurich,Switzerland,20,1,29.5,35.5,38.4,45.9,55.7,46.3,43.7,免费评估
21,The University of Tokyo,Japan,21,1,30.8,14.1,41.9,48.6,70.8,28.8,42.0,免费评估
22,"密歇根大学安娜堡分校University of Michigan,Ann Arbor",USA,22,17,34.4,0.0,56.2,41.3,75.9,25.6,41.7,免费评估
23,"The Imperial College of Science, Technology and Medicine",UK,23,4,14.5,35.8,44.2,34.5,62.0,38.0,41.5,免费评估
24,威斯康星大学-麦迪逊分校University of Wisconsin-Madison,USA,24,18,30.8,34.8,40.2,35.7,62.5,24.6,41.1,免费评估
25,多伦多大学University of Toronto,Canada,25,1,19.9,17.2,38.8,38.6,79.1,29.3,40.6,免费评估
26,Kyoto University,Japan,26,2,31.6,37.2,33.6,32.6,59.0,23.5,38.9,免费评估
27,纽约大学New York University,USA,27,19,28.1,31.9,35.2,40.3,56.2,23.3,38.8,免费评估
28,西北大学Northwestern University,USA,27,19,15.4,22.1,50.3,37.0,58.1,28.8,38.8,免费评估
29,伊利诺伊大学香槟分校University of Illinois at Urbana-Champaign,USA,29,21,29.9,36.2,34.9,32.4,55.5,28.6,38.6,免费评估
30,"University of Minnesota, Twin Cities",USA,30,22,29.5,16.3,47.3,32.5,64.0,26.2,38.5,免费评估
31,杜克大学Duke University,USA,31,23,15.4,14.9,50.2,39.0,61.7,23.9,38.0,免费评估
32,圣路易斯华盛顿大学Washington University in St Louis,USA,32,24,22.9,24.9,40.7,41.8,50.5,26.0,37.4,免费评估
33,Rockefeller University,USA,33,25,17.0,59.8,30.3,40.9,19.0,39.6,36.5,免费评估
34,科罗拉多大学波尔得分校University of Colorado Boulder,USA,34,26,12.6,34.1,37.1,36.0,45.0,34.2,36.0,免费评估
35,University of Copenhagen,Denmark,35,1,21.8,18.8,28.0,34.0,63.2,39.2,35.7,免费评估
36,Pierre and Marie Curie University - Paris 6,France,36,1,33.6,27.4,25.8,29.8,59.2,23.9,35.0,免费评估
37,德克萨斯大学奥斯汀分校The University of Texas at Austin,USA,37,27,16.2,16.3,38.6,37.5,56.0,26.6,34.8,免费评估
38,"University of California, Santa Barbara",USA,38,28,14.5,39.1,38.7,27.5,37.3,38.0,34.6,免费评估
39,北卡罗来纳州大学教堂山分校University of North Carolina at Chapel Hill,USA,39,29,8.9,16.3,39.8,33.5,61.2,25.6,34.4,免费评估
40,英属哥伦比亚大学University of British Columbia,Canada,40,2,15.4,18.8,32.8,32.0,63.0,24.2,34.1,免费评估
41,曼彻斯特大学The University of Manchester,UK,41,5,18.5,32.6,27.1,26.1,56.2,25.6,33.6,免费评估
42,University of Paris-Sud (Paris 11),France,41,2,30.3,54.3,16.8,17.4,47.3,26.6,33.6,免费评估
43,"University of Maryland, College Park",USA,43,30,19.2,20.0,33.0,31.6,52.7,26.5,32.8,免费评估
44,墨尔本大学The University of Melbourne,Australia,44,1,17.0,13.3,28.6,25.3,66.9,30.2,32.3,免费评估
45,The University of Texas Southwestern Medical Center at Dallas,USA,44,31,18.5,34.5,31.1,35.6,35.8,22.4,32.3,免费评估
46,Heidelberg University,Germany,46,1,19.9,25.3,23.7,29.4,51.7,34.2,32.2,免费评估
47,爱丁堡大学The University of Edinburgh,UK,47,6,20.5,24.9,25.8,30.5,51.9,25.9,32.0,免费评估
48,Karolinska Institute,Sweden,48,1,22.4,26.6,24.8,23.5,50.8,37.4,31.9,免费评估
49,南加州大学University of Southern California,USA,49,32,0.0,31.7,35.6,22.1,53.2,20.3,31.3,免费评估
50,"University of California, Irvine",USA,50,33,0.0,29.3,34.3,28.9,45.3,27.5,31.0,免费评估
51,Technical University Munich,Germany,51,2,34.8,21.6,22.3,23.2,48.3,32.3,30.5,免费评估
52,University of Munich,Germany,52,3,25.6,19.1,20.3,28.9,50.7,32.6,30.3,免费评估
53,范德堡大学Vanderbilt University,USA,53,34,15.4,29.0,28.4,21.8,51.0,19.0,30.2,免费评估
54,University of Zurich,Switzerland,54,2,5.1,24.0,27.1,29.0,51.6,25.4,30.1,免费评估
55,伦敦国王学院King's College London,UK,55,7,21.2,21.0,29.5,18.2,54.3,25.6,30.0,免费评估
56,Utrecht University,Netherlands,56,1,22.9,20.0,29.1,25.4,46.0,26.9,29.8,免费评估
57,"University of California, Davis",USA,57,35,0.0,0.0,41.0,33.0,58.0,26.0,29.7,免费评估
58,University of Geneva,Switzerland,58,3,27.1,28.2,21.4,27.6,38.1,29.4,29.4,免费评估
59,University of Oslo,Norway,58,1,28.1,32.6,15.9,18.2,49.1,26.9,29.4,免费评估
60,宾州州立大学Pennsylvania State University,USA,60,36,10.3,0.0,41.6,31.6,53.4,22.4,29.3,免费评估
61,卡内基梅隆大学Carnegie Mellon University,USA,61,37,31.6,31.6,28.6,15.2,34.3,34.4,29.2,免费评估
62,Purdue University - West Lafayette,USA,61,37,13.6,23.1,27.7,25.1,49.0,22.4,29.2,免费评估
63,Uppsala University,Sweden,61,2,17.8,27.4,18.4,24.6,49.8,27.1,29.2,免费评估
64,麦吉尔大学McGill University,Canada,64,3,32.8,0.0,22.8,27.3,59.3,26.8,28.5,免费评估
65,"Rutgers, The State University of New Jersey - New Brunswick",USA,64,39,10.3,18.8,34.5,24.8,44.6,22.9,28.5,免费评估
66,布里斯托大学University of Bristol,UK,66,8,7.3,16.3,25.7,32.4,45.5,29.3,28.3,免费评估
67,The Hebrew University of Jerusalem,Israel,67,1,32.0,28.2,19.6,21.5,37.6,29.1,28.2,免费评估
68,俄亥俄州立大学Ohio State University,USA,67,40,12.6,0.0,38.3,22.8,60.9,18.9,28.2,免费评估
69,赫尔大学University of Hull,Finland,67,1,12.6,16.3,25.2,22.4,51.8,31.3,28.2,免费评估
70,"University of Pittsburgh, Pittsburgh Campus",USA,70,41,18.5,0.0,39.8,19.2,59.6,18.3,28.1,免费评估
71,Ghent University,Belgium,71,1,5.1,13.3,26.9,18.3,57.5,34.5,27.8,免费评估
72,Ecole Normale Superieure - Paris,France,72,3,48.9,28.0,6.2,19.5,26.4,60.5,27.6,免费评估
73,Aarhus University,Denmark,73,2,11.5,22.1,12.3,25.8,51.8,31.0,27.3,免费评估
74,波士顿大学Boston University,USA,73,42,11.5,11.5,29.1,26.3,49.5,21.8,27.3,免费评估
75,布朗大学Brown University,USA,75,43,14.5,13.3,26.2,25.1,43.6,32.8,27.0,免费评估
76,University of Groningen,Netherlands,75,2,0.0,18.8,23.0,21.0,52.6,32.7,27.0,免费评估
77,Nagoya University,Japan,77,3,29.0,25.3,16.8,17.7,44.3,23.1,26.7,免费评估
78,Stockholm University,Sweden,77,3,24.1,27.4,18.1,19.4,40.4,25.6,26.7,免费评估
79,Technion-Israel Institute of Technology,Israel,77,2,23.5,37.6,15.2,18.3,33.3,28.2,26.7,免费评估
80,澳大利亚国立大学The Australian National University,Australia,77,2,13.6,19.2,24.8,20.1,45.1,29.1,26.7,免费评估
81,昆士兰大学The University of Queensland,Australia,77,2,12.6,0.0,22.0,24.0,63.2,29.3,26.7,免费评估
82,Leiden University,Netherlands,82,3,17.8,9.4,25.7,22.0,46.9,32.9,26.5,免费评估
83,佛罗里达大学University of Florida,USA,83,44,17.0,0.0,30.9,21.0,58.7,17.3,26.2,免费评估
84,莱斯大学Rice University,USA,84,45,16.2,21.7,28.1,22.8,29.2,34.3,26.0,免费评估
85,Osaka University,Japan,85,4,8.9,0.0,31.6,26.7,51.7,21.7,25.7,免费评估
86,Moscow State University,Russia,86,1,41.4,33.0,0.0,7.7,46.4,31.3,25.3,免费评估
87,西澳大学The University of Western Australia,Australia,87,4,13.6,14.1,24.1,14.5,47.5,28.9,24.9,免费评估
88,University of Basel,Switzerland,87,4,19.2,16.3,17.4,21.4,39.2,35.0,24.9,免费评估
89,University of Strasbourg,France,87,4,25.1,28.8,15.9,19.0,34.6,21.7,24.9,免费评估
90,KU Leuven,Belgium,90,2,0.0,0.0,30.1,18.6,56.6,30.4,24.7,免费评估
91,University of Arizona,USA,90,46,14.5,0.0,27.2,27.5,48.4,20.3,24.7,免费评估
92,华威大学The University of Warwick,UK,92,9,0.0,29.8,23.7,14.0,39.3,26.8,24.6,免费评估
93,Arizona State University,USA,93,47,0.0,20.0,22.2,25.5,42.6,19.1,24.5,免费评估
94,"University of California, Santa Cruz",USA,93,47,0.0,0.0,37.9,33.9,29.0,37.6,24.5,免费评估
95,犹他大学University of Utah,USA,93,47,0.0,11.5,26.5,25.5,46.7,18.7,24.5,免费评估
96,麦克马斯特大学McMaster University,Canada,96,4,12.6,18.8,23.2,15.1,44.5,22.5,24.4,免费评估
97,University of Bonn,Germany,97,4,15.4,19.8,17.4,21.1,39.8,25.9,24.3,免费评估
98,VU University Amsterdam,Netherlands,98,4,0.0,0.0,27.8,18.0,55.5,33.3,24.2,免费评估
99,密歇根州立大学Michigan State University,USA,99,50,8.9,0.0,30.7,21.8,50.6,18.9,24.0,免费评估
100,德克萨斯A&M大学Texas A & M University,USA,100,51,0.0,0.0,34.3,22.7,49.5,20.9,23.9,免费评估
101,Aix Marseille University,France,101-150,5-6,13.6,0.0,15.2,20.3,50.1,27.6,,免费评估
102,Baylor College of Medicine,USA,101-150,52-65,0.0,0.0,23.7,29.2,39.7,19.9,,免费评估
103,凯斯西储大学Case Western Reserve University,USA,101-150,52-65,30.3,10.9,15.9,19.0,39.7,22.9,,免费评估
104,埃默里大学Emory University,USA,101-150,52-65,0.0,0.0,28.4,22.0,51.3,18.0,,免费评估
105,Free University Brussels,Belgium,101-150,3,19.9,26.6,11.3,11.8,32.7,30.4,,免费评估
106,佐治亚理工学院Georgia Institute of Technology,USA,101-150,52-65,12.6,0.0,30.3,22.4,43.2,28.1,,免费评估
107,Icahn School of Medicine at Mount Sinai,USA,101-150,52-65,0.0,0.0,26.8,25.0,36.6,21.5,,免费评估
108,印第安纳大学伯明顿主校区Indiana University Bloomington,USA,101-150,52-65,10.3,21.6,18.5,21.9,39.6,20.2,,免费评估
109,伦敦政治经济学院the London Shool of Economics and Political Science,UK,101-150,10-17,19.9,16.3,15.2,2.1,31.2,28.7,,免费评估
110,Lund University,Sweden,101-150,4,21.2,0.0,22.5,16.3,49.7,21.2,,免费评估
111,Mayo Medical School,USA,101-150,52-65,0.0,0.0,35.4,12.8,46.5,29.5,,免费评估
112,蒙纳什大学Monash University,Australia,101-150,5-7,0.0,0.0,18.4,22.6,58.6,25.5,,免费评估
113,National University of Singapore,Singapore,101-150,1,0.0,0.0,19.3,20.3,59.5,32.2,,免费评估
114,Norwegian University of Science and Technology - NTNU,Norway,101-150,2,13.6,21.0,10.1,12.9,36.4,20.0,,免费评估
115,Peking University,China,101-150,1-4,0.0,0.0,11.2,21.5,64.0,19.5,,免费评估
116,Radboud University Nijmegen,Netherlands,101-150,5-7,16.2,0.0,12.3,19.3,50.4,32.2,,免费评估
117,Seoul National University,SouthKorea,101-150,1,0.0,0.0,12.3,17.9,67.1,23.5,,免费评估
118,Shanghai Jiao Tong University,China,101-150,1-4,0.0,0.0,12.6,10.6,68.5,23.0,,免费评估
119,Swiss Federal Institute of Technology Lausanne,Switzerland,101-150,5,0.0,0.0,26.1,29.2,41.8,38.4,,免费评估
120,Technical University of Denmark,Denmark,101-150,3,5.1,11.5,21.1,14.6,39.0,23.4,,免费评估
121,格拉斯哥大学University of Glasgow,UK,101-150,10-17,7.3,0.0,24.9,18.5,42.1,22.9,,免费评估
122,新南威尔士大学The University of New South Wales,Australia,101-150,5-7,0.0,0.0,20.2,17.8,58.6,23.9,,免费评估
123,谢菲尔德大学The University of Sheffield,UK,101-150,10-17,17.8,13.3,18.4,17.5,42.8,21.7,,免费评估
124,The University of Texas M. D. Anderson Cancer Center,USA,101-150,52-65,0.0,0.0,28.2,21.4,41.3,32.4,,免费评估
125,Tohoku University,Japan,101-150,5,14.5,0.0,23.9,21.0,52.2,21.6,,免费评估
126,Tsinghua University,China,101-150,1-4,10.3,0.0,10.0,26.8,63.8,20.2,,免费评估
127,塔夫茨大学Tufts University,USA,101-150,52-65,18.5,16.3,20.1,15.4,34.9,25.7,,免费评估
128,阿尔伯塔大学University of Alberta,Canada,101-150,5-6,11.5,0.0,23.9,19.2,54.2,22.5,,免费评估
129,University of Amsterdam,Netherlands,101-150,5-7,5.1,0.0,20.8,18.8,53.3,28.2,,免费评估
130,伯明翰大学University of Birmingham,UK,101-150,10-17,18.5,9.4,20.8,12.7,44.7,20.5,,免费评估
131,"University of California, Riverside",USA,101-150,52-65,12.6,0.0,24.7,23.9,32.2,27.5,,免费评估
132,University of Frankfurt,Germany,101-150,5-8,30.3,0.0,19.6,21.2,37.7,25.3,,免费评估
133,University of Freiburg,Germany,101-150,5-8,18.5,18.8,13.0,24.4,37.9,25.3,,免费评估
134,University of Goettingen,Germany,101-150,5-8,30.8,14.9,13.1,20.0,38.9,25.6,,免费评估
135,利兹大学University of Leeds,UK,101-150,10-17,17.0,0.0,18.4,18.4,42.5,19.8,,免费评估
136,利物浦大学The University of Liverpool,UK,101-150,10-17,17.0,13.3,14.9,18.6,41.2,22.5,,免费评估
137,"马萨诸塞大学安姆斯特分校University of Massachusetts, Amherst",USA,101-150,52-65,13.6,0.0,32.0,16.9,35.5,23.2,,免费评估
138,University of Massachusetts Medical School - Worcester,USA,101-150,52-65,0.0,20.0,15.9,24.9,27.4,23.9,,免费评估
139,蒙特利尔大学University of Montreal,Canada,101-150,5-6,11.5,0.0,17.2,17.3,50.6,21.7,,免费评估
140,University of Muenster,Germany,101-150,5-8,19.2,13.3,14.8,14.7,36.0,22.2,,免费评估
141,诺丁汉大学The University of Nottingham,UK,101-150,10-17,11.5,20.0,19.1,15.9,45.9,20.1,,免费评估
142,罗彻斯特大学University of Rochester,USA,101-150,52-65,24.6,7.7,25.2,20.8,39.0,20.8,,免费评估
143,University of Sao Paulo,Brazil,101-150,1,0.0,0.0,12.2,12.1,72.0,15.5,,免费评估
144,南安普顿大学University of Southampton,UK,101-150,10-17,0.0,0.0,24.6,19.5,46.2,24.3,,免费评估
145,悉尼大学The University of Sydney,Australia,101-150,5-7,14.5,0.0,9.6,18.1,64.7,25.3,,免费评估
146,"弗吉尼亚大学University of Virginia,Main Campus",USA,101-150,52-65,0.0,0.0,27.0,27.7,43.7,19.1,,免费评估
147,University of Wageningen,Netherlands,101-150,5-7,0.0,0.0,24.1,19.8,42.0,33.0,,免费评估
148,University Paris Diderot - Paris 7,France,101-150,5-6,11.5,9.4,14.9,30.2,45.0,19.5,,免费评估
149,Weizmann Institute of Science,Israel,101-150,3,17.8,16.3,17.0,34.7,26.8,25.1,,免费评估
150,Zhejiang University,China,101-150,1-4,0.0,0.0,7.1,13.5,68.5,19.9,,免费评估
151,卡迪夫大学Cardiff University,UK,151-200,18-21,0.0,16.3,13.6,17.8,39.2,20.3,,免费评估
152,Catholic University of Louvain,Belgium,151-200,4,10.3,13.3,15.9,9.1,37.4,26.9,,免费评估
153,Erasmus University,Netherlands,151-200,8,0.0,14.9,22.0,8.0,33.6,26.4,,免费评估
154,Fudan University,China,151-200,5-7,0.0,0.0,12.2,13.1,56.1,21.5,,免费评估
155,George Mason University,USA,151-200,66-78,0.0,31.9,5.1,8.9,28.7,18.5,,免费评估
156,Hokkaido University,Japan,151-200,6-7,11.5,16.3,7.2,15.6,42.2,18.7,,免费评估
157,爱荷华州立大学Iowa State University (ISU),USA,151-200,66-78,0.0,0.0,20.1,17.1,39.3,19.8,,免费评估
158,Joseph Fourier University (Grenoble 1),France,151-200,7-8,0.0,14.9,16.3,21.9,32.9,18.2,,免费评估
159,King Abdulaziz University,SaudiArabia,151-200,1-2,0.0,0.0,29.1,7.2,47.0,13.4,,免费评估
160,King Saud University,SaudiArabia,151-200,1-2,0.0,0.0,32.5,5.9,42.5,14.1,,免费评估
161,Nanyang Technological University,Singapore,151-200,2,0.0,0.0,11.2,10.5,50.5,26.2,,免费评估
162,National Taiwan University,China-tw,151-200,1,11.5,0.0,13.9,11.6,55.5,19.4,,免费评估
163,北卡罗来纳州立大学North Carolina State University at Raleigh,USA,151-200,66-78,0.0,0.0,25.2,12.8,41.2,19.1,,免费评估
164,Oregon Health and Science University,USA,151-200,66-78,0.0,0.0,20.8,22.1,34.6,22.4,,免费评估
165,Oregon State University,USA,151-200,66-78,10.3,0.0,23.0,21.2,34.7,22.7,,免费评估
166,伦敦大学玛丽女王学院Queen Mary University of London,UK,151-200,18-21,17.8,0.0,18.1,13.7,32.1,20.7,,免费评估
167,Sapienza University of Rome,Italy,151-200,1-5,11.5,13.3,5.1,12.1,52.0,17.8,,免费评估
168,Sun Yat-sen University,China,151-200,5-7,0.0,0.0,8.7,9.9,54.9,17.9,,免费评估
169,Tel Aviv University,Israel,151-200,4,0.0,0.0,20.7,14.8,48.1,26.4,,免费评估
170,香港中文大学The Chinese University of Hong Kong,China-hk,151-200,1-2,0.0,14.1,15.1,5.2,43.1,22.0,,免费评估
171,阿德莱德大学The University of Adelaide,Australia,151-200,8,14.5,0.0,16.3,12.9,42.0,25.7,,免费评估
172,乔治亚大学University of Georgia,USA,151-200,66-78,0.0,0.0,20.6,16.7,42.1,18.1,,免费评估
173,香港大学The University of Hong Kong,China-hk,151-200,1-2,0.0,0.0,17.5,14.2,43.9,22.5,,免费评估
174,Tokyo Institute of Technology,Japan,151-200,6-7,12.6,0.0,15.9,15.3,37.8,24.0,,免费评估
175,Trinity College Dublin,Ireland,151-200,1,10.3,13.3,12.3,13.1,31.0,19.0,,免费评估
176,University of Barcelona,Spain,151-200,1,0.0,0.0,15.1,11.7,51.6,18.7,,免费评估
177,University of Bern,Switzerland,151-200,6,12.6,0.0,16.3,19.2,41.3,26.9,,免费评估
178,University of Buenos Aires,Argentina,151-200,1,14.5,24.0,0.0,9.7,34.9,21.7,,免费评估
179,特拉华大学University of Delaware,USA,151-200,66-78,10.3,16.3,20.1,10.0,30.8,19.0,,免费评估
180,埃克塞特大学University of Exeter,UK,151-200,18-21,0.0,0.0,17.8,18.4,34.9,23.5,,免费评估
181,University of Gothenburg,Sweden,151-200,5,0.0,15.4,12.3,14.5,41.3,19.7,,免费评估
182,University of Hamburg,Germany,151-200,9-13,11.5,0.0,13.9,21.7,36.6,22.1,,免费评估
183,University of Hawaii at Manoa,USA,151-200,66-78,0.0,0.0,20.1,22.9,36.0,18.7,,免费评估
184,University of Illinois at Chicago,USA,151-200,66-78,0.0,0.0,21.0,14.5,43.7,17.8,,免费评估
185,爱荷华大学University of Iowa,USA,151-200,66-78,0.0,0.0,20.3,18.8,44.7,17.5,,免费评估
186,University of Kiel,Germany,151-200,9-13,10.3,13.3,13.8,13.7,29.7,18.8,,免费评估
187,University of Koeln,Germany,151-200,9-13,0.0,11.5,8.6,19.3,37.1,21.5,,免费评估
188,迈阿密大学University of Miami,USA,151-200,66-78,0.0,0.0,22.0,14.7,39.5,14.8,,免费评估
189,University of Milan,Italy,151-200,1-5,17.0,0.0,14.2,9.6,46.3,21.2,,免费评估
190,University of Padua,Italy,151-200,1-5,0.0,0.0,11.3,16.1,48.2,22.0,,免费评估
191,University of Paris Descartes (Paris 5),France,151-200,7-8,11.5,9.4,12.2,13.5,40.1,15.7,,免费评估
192,University of Pisa,Italy,151-200,1-5,13.6,23.1,7.2,6.5,37.0,22.1,,免费评估
193,University of Science and Technology of China,China,151-200,5-7,0.0,0.0,15.9,13.9,50.8,25.5,,免费评估
194,萨塞克斯大学The University of Sussex,UK,151-200,18-21,0.0,22.4,15.2,12.1,30.3,26.4,,免费评估
195,University of Tennessee - Knoxville,USA,151-200,66-78,10.3,0.0,17.9,14.2,39.2,15.1,,免费评估
196,University of Tuebingen,Germany,151-200,9-13,22.4,0.0,12.2,17.4,41.1,23.7,,免费评估
197,University of Turin,Italy,151-200,1-5,15.4,0.0,16.2,8.5,40.0,20.2,,免费评估
198,University of Vienna,Austria,151-200,1,13.6,0.0,15.9,21.1,36.5,23.9,,免费评估
199,University of Wuerzburg,Germany,151-200,9-13,19.2,0.0,18.9,15.0,33.3,21.1,,免费评估
200,Virginia Commonwealth University,USA,151-200,66-78,10.3,14.1,15.9,7.8,34.3,14.6,,免费评估
201,Autonomous University of Barcelona,Spain,201-300,2-5,0.0,0.0,5.0,12.9,44.5,20.2,,免费评估
202,Autonomous University of Madrid,Spain,201-300,2-5,0.0,0.0,11.3,9.9,39.3,17.3,,免费评估
203,Beijing Normal University,China,201-300,8-13,15.4,0.0,5.0,7.9,38.8,16.1,,免费评估
204,Brandeis University,USA,201-300,79-102,19.2,0.0,8.6,18.8,18.4,24.8,,免费评估
205,Charles University in Prague,Czech,201-300,1,8.9,0.0,0.0,9.0,43.9,19.7,,免费评估
206,香港城市大学City University of Hong Kong,China-hk,201-300,3-4,0.0,0.0,18.1,1.5,38.5,22.1,,免费评估
207,Claude Bernard University Lyon 1,France,201-300,9-15,10.3,0.0,0.0,18.8,40.2,14.8,,免费评估
208,Colorado State University,USA,201-300,79-102,0.0,0.0,20.3,14.2,36.2,20.1,,免费评估
209,Complutense University of Madrid,Spain,201-300,2-5,19.2,0.0,0.0,8.6,42.8,12.4,,免费评估
210,科廷大学Curtin University,Australia,201-300,9-11,0.0,0.0,8.7,12.0,37.1,23.3,,免费评估
211,达尔豪斯大学Dalhousie University,Canada,201-300,7-16,0.0,0.0,12.2,13.1,34.3,17.9,,免费评估
212,达特茅斯学院Dartmouth College,USA,201-300,79-102,17.8,0.0,20.7,14.4,25.4,20.6,,免费评估
213,Delft University of Technology,Netherlands,201-300,9-10,11.5,0.0,8.6,18.1,38.9,21.7,,免费评估
214,杜伦大学Durham University,UK,201-300,22-28,0.0,0.0,19.6,14.6,34.5,21.4,,免费评估
215,Ecole Normale Superieure - Lyon,France,201-300,9-15,0.0,20.0,3.6,14.5,21.8,30.5,,免费评估
216,佛罗里达州立大学Florida State University,USA,201-300,79-102,0.0,0.0,14.6,16.2,37.9,19.4,,免费评估
217,Free University of Brussels,Belgium,201-300,5-6,13.6,0.0,5.0,10.0,31.3,26.9,,免费评估
218,Harbin Institute of Technology,China,201-300,8-13,0.0,0.0,8.7,5.4,48.7,15.2,,免费评估
219,Huazhong University of Science and Technology,China,201-300,8-13,0.0,0.0,0.0,8.7,53.1,16.8,,免费评估
220,印第安纳大学与普渡大学印第安纳波里斯联合分校Indiana University-Purdue University Indianapolis,USA,201-300,79-102,0.0,0.0,7.1,12.8,39.8,14.5,,免费评估
221,Jilin University,China,201-300,8-13,0.0,0.0,0.0,8.9,50.7,13.5,,免费评估
222,Karlsruhe Institute of Technology (KIT),Germany,201-300,14-21,0.0,0.0,12.0,14.9,37.2,20.3,,免费评估
223,Korea Advanced Institute of Science and Technology,SouthKorea,201-300,2-5,0.0,0.0,8.3,14.1,38.8,28.7,,免费评估
224,Korea University,SouthKorea,201-300,2-5,0.0,0.0,8.7,8.7,50.7,22.1,,免费评估
225,KTH Royal Institute of Technology,Sweden,201-300,6-7,0.0,14.9,3.6,10.3,38.3,24.2,,免费评估
226,Kyushu University,Japan,201-300,8-9,0.0,0.0,13.1,12.3,44.2,17.5,,免费评估
227,Laval University,Canada,201-300,7-16,0.0,0.0,15.0,8.6,36.7,16.1,,免费评估
228,Louisiana State University - Baton Rouge,USA,201-300,79-102,0.0,0.0,13.6,14.3,33.4,14.6,,免费评估
229,Maastricht University,Netherlands,201-300,9-10,0.0,0.0,10.7,5.9,41.4,25.1,,免费评估
230,麦考瑞大学Macquarie University,Australia,201-300,9-11,0.0,0.0,18.1,13.1,33.6,25.1,,免费评估
231,Medical University of Vienna,Austria,201-300,2-3,8.9,9.4,8.6,9.3,33.4,18.4,,免费评估
232,Nanjing University,China,201-300,8-13,0.0,0.0,0.7,9.3,53.7,19.0,,免费评估
233,National Autonomous University of Mexico,Mexico,201-300,1,12.6,0.0,3.3,8.5,47.7,24.0,,免费评估
234,National Tsing Hua University,China-tw,201-300,2,12.6,0.0,5.1,12.9,32.6,21.1,,免费评估
235,纽卡斯尔大学Newcastle University,UK,201-300,22-28,0.0,0.0,12.2,15.2,37.6,18.6,,免费评估
236,东北大学Northeastern University,USA,201-300,79-102,0.0,0.0,15.9,16.5,29.9,20.7,,免费评估
237,Paul Sabatier University (Toulouse 3),France,201-300,9-15,0.0,0.0,12.3,20.2,35.5,13.8,,免费评估
238,Polytechnic Institute of Milan,Italy,201-300,6-8,7.3,14.9,5.0,7.0,32.9,20.4,,免费评估
239,Pompeu Fabra University,Spain,201-300,2-5,0.0,0.0,5.0,19.7,26.4,33.6,,免费评估
240,女王大学Queen's University,Canada,201-300,7-16,0.0,0.0,13.1,11.9,32.6,19.0,,免费评估
241,RWTH Aachen University,Germany,201-300,14-21,0.0,0.0,16.3,6.3,40.6,21.6,,免费评估
242,西蒙弗雷泽大学Simon Fraser University,Canada,201-300,7-16,0.0,0.0,12.2,13.2,32.7,18.9,,免费评估
243,纽约州立大学石溪分校Stony Brook University,USA,201-300,79-102,0.0,0.0,14.8,18.4,36.0,16.7,,免费评估
244,Sungkyunkwan University,SouthKorea,201-300,2-5,0.0,0.0,0.0,11.1,47.0,21.4,,免费评估
245,Swedish University of Agricultural Sciences,Sweden,201-300,6-7,0.0,0.0,13.3,14.3,29.1,24.2,,免费评估
246,乔治华盛顿大学George Washington University,USA,201-300,79-102,11.5,0.0,6.3,12.0,35.5,17.9,,免费评估
247,香港科技大学The Hong Kong University of Science and Technology,China-hk,201-300,3-4,0.0,0.0,17.4,9.2,31.9,24.3,,免费评估
248,奥克兰大学The University of Auckland,NewZealand,201-300,1-2,13.6,0.0,10.1,11.9,41.0,21.3,,免费评估
249,卡尔加里大学Calgary University,Canada,201-300,7-16,0.0,0.0,13.8,13.6,44.6,18.0,,免费评估
250,邓迪大学University of Dundee,UK,201-300,22-28,0.0,0.0,16.8,16.9,24.5,20.2,,免费评估
251,The University of New Mexico - Albuquerque,USA,201-300,79-102,0.0,0.0,14.9,16.8,36.0,16.1,,免费评估
252,The University of Texas Health Science Center at Houston,USA,201-300,79-102,0.0,15.4,13.9,11.3,31.9,16.8,,免费评估
253,Toulouse School of Economics,France,201-300,9-15,0.0,29.8,8.6,0.0,10.0,17.9,,免费评估
254,TU Dresden,Germany,201-300,14-21,0.0,0.0,10.7,14.6,40.8,21.7,,免费评估
255,"University at Buffalo, the State University of New York",USA,201-300,79-102,0.0,0.0,13.1,9.3,37.5,15.3,,免费评估
256,阿伯丁大学University of Aberdeen,UK,201-300,22-28,0.0,13.3,12.2,12.5,31.3,21.2,,免费评估
257,University of Alabama at Birmingham,USA,201-300,79-102,0.0,0.0,18.1,11.2,40.4,15.3,,免费评估
258,University of Bergen,Norway,201-300,3,0.0,0.0,10.7,16.5,36.7,20.1,,免费评估
259,University of Bologna,Italy,201-300,6-8,0.0,0.0,13.8,10.0,48.1,18.6,,免费评估
260,University of Bordeaux,France,201-300,9-15,0.0,0.0,15.9,17.9,39.7,16.0,,免费评估
261,University of Cape Town,SouthAfrica,201-300,1-2,18.5,0.0,12.2,11.5,37.3,20.8,,免费评估
262,University of Cincinnati,USA,201-300,79-102,0.0,0.0,22.6,9.2,37.9,15.0,,免费评估
263,东英吉利大学University of East Anglia,UK,201-300,22-28,13.6,0.0,19.2,15.6,28.3,23.2,,免费评估
264,University of Erlangen-Nuremberg,Germany,201-300,14-21,0.0,0.0,15.9,14.5,39.7,21.9,,免费评估
265,University of Florence,Italy,201-300,6-8,0.0,0.0,15.2,10.1,38.8,18.5,,免费评估
266,圭尔夫大学University of Guelph,Canada,201-300,7-16,0.0,0.0,17.5,10.4,31.8,19.4,,免费评估
267,University of Houston,USA,201-300,79-102,0.0,0.0,17.3,13.4,35.9,20.2,,免费评估
268,University of Innsbruck,Austria,201-300,2-3,0.0,9.4,14.8,18.6,24.1,25.2,,免费评估
269,堪萨斯大学University of Kansas,USA,201-300,79-102,11.5,0.0,11.3,14.1,39.2,14.7,,免费评估
270,University of Kentucky,USA,201-300,79-102,10.3,0.0,3.6,12.1,39.4,13.6,,免费评估
271,University of Lausanne,Switzerland,201-300,7,0.0,0.0,14.9,22.0,33.2,21.2,,免费评估
272,莱斯特大学University of Leicester,UK,201-300,22-28,0.0,0.0,14.6,18.5,31.0,20.0,,免费评估
273,University of Leipzig,Germany,201-300,14-21,11.5,13.3,0.0,9.3,33.8,18.6,,免费评估
274,University of Liege,Belgium,201-300,5-6,7.3,0.0,10.1,13.5,30.8,23.5,,免费评估
275,University of Lisbon,Portugal,201-300,1,0.0,8.1,5.0,12.5,45.0,23.3,,免费评估
276,University of Lorraine,France,201-300,9-15,11.5,16.3,0.0,9.8,32.9,18.8,,免费评估
277,University of Mainz,Germany,201-300,14-21,0.0,7.7,8.9,15.9,35.2,20.1,,免费评估
278,University of Marburg,Germany,201-300,14-21,10.3,0.0,14.3,13.4,28.5,17.1,,免费评估
279,"University of Maryland, Baltimore",USA,201-300,79-102,0.0,0.0,19.1,13.6,37.1,16.5,,免费评估
280,University of Montpellier,France,201-300,9-15,10.3,0.0,6.3,17.7,35.9,14.1,,免费评估
281,University of Nebraska - Lincoln,USA,201-300,79-102,17.0,0.0,16.8,11.6,33.4,16.7,,免费评估
282,圣母诺特丹大学University of Notre Dame,USA,201-300,79-102,12.6,0.0,17.5,13.9,31.8,20.0,,免费评估
283,奥塔哥大学University of Otago,NewZealand,201-300,1-2,0.0,0.0,12.2,10.1,34.1,27.1,,免费评估
284,渥太华大学University of Ottawa,Canada,201-300,7-16,0.0,0.0,8.6,14.9,44.0,19.5,,免费评估
285,University of South Carolina - Columbia,USA,201-300,79-102,0.0,0.0,16.8,8.4,35.9,16.1,,免费评估
286,南佛罗里达大学University of South Florida,USA,201-300,79-102,0.0,0.0,16.3,10.4,40.2,18.5,,免费评估
287,University of Southern Denmark,Denmark,201-300,4,0.0,0.0,7.2,11.9,37.6,19.8,,免费评估
288,University of Stuttgart,Germany,201-300,14-21,18.5,0.0,10.1,12.2,26.7,16.3,,免费评估
289,University of Tehran,Iran,201-300,1,12.6,0.0,10.0,0.0,40.0,21.0,,免费评估
290,University of the Witwatersrand,SouthAfrica,201-300,1-2,18.5,0.0,7.1,15.8,33.0,19.5,,免费评估
291,University of Tsukuba,Japan,201-300,8-9,0.0,19.6,5.8,10.4,34.7,15.6,,免费评估
292,维多利亚大学University of Victoria,Canada,201-300,7-16,0.0,0.0,17.2,11.3,29.7,19.9,,免费评估
293,滑铁卢大学University of Waterloo,Canada,201-300,7-16,0.0,0.0,14.6,13.8,42.2,22.0,,免费评估
294,伍伦贡大学University of Wollongong,Australia,201-300,9-11,0.0,0.0,17.4,9.2,32.0,24.0,,免费评估
295,约克大学University of York,UK,201-300,22-28,0.0,0.0,13.9,15.2,32.5,20.4,,免费评估
296,弗吉尼亚理工大学Virginia Polytechnic Institute and State University,USA,201-300,79-102,11.5,0.0,11.4,11.4,40.9,17.4,,免费评估
297,西安大略大学University of Western Ontario,Canada,201-300,7-16,0.0,0.0,5.1,13.5,41.5,18.0,,免费评估
298,Xian Jiao Tong University,China,201-300,8-13,0.0,0.0,8.7,7.7,50.1,18.9,,免费评估
299,叶史瓦大学Yeshiva University,USA,201-300,79-102,0.0,0.0,6.3,21.7,31.5,21.6,,免费评估
300,Yonsei University,SouthKorea,201-300,2-5,0.0,0.0,8.6,4.9,52.1,21.4,,免费评估
301,Aalborg University,Denmark,301-400,5,0.0,0.0,11.2,4.6,30.4,16.8,,免费评估
302,Beihang University,China,301-400,14-27,0.0,0.0,8.6,3.9,40.3,16.5,,免费评估
303,杨百翰大学Brigham Young University,USA,301-400,103-125,8.9,0.0,12.2,8.4,26.3,12.9,,免费评估
304,Central South University,China,301-400,14-27,0.0,0.0,7.1,2.1,47.7,16.4,,免费评估
305,Chalmers University of Technology,Sweden,301-400,8-10,0.0,0.0,8.9,10.7,29.7,19.9,,免费评估
306,Chiba University,Japan,301-400,10-12,0.0,0.0,10.0,9.7,29.1,16.4,,免费评估
307,China Agricultural University,China,301-400,14-27,0.0,0.0,0.0,13.9,39.7,17.2,,免费评估
308,China Medical University,China-tw,301-400,3-5,0.0,0.0,13.6,2.1,31.3,23.2,,免费评估
309,City University of New York City College,USA,301-400,103-125,31.2,0.0,5.1,6.9,18.0,19.1,,免费评估
310,Dalian University of Technology,China,301-400,14-27,0.0,0.0,5.0,5.0,41.8,16.9,,免费评估
311,迪肯大学Deakin University,Australia,301-400,12-19,0.0,0.0,0.0,8.6,35.4,21.0,,免费评估
312,德雷塞尔大学Drexel University,USA,301-400,103-125,0.0,0.0,12.3,10.3,29.5,19.2,,免费评估
313,Ecole Polytechnique,France,301-400,16-18,21.8,0.0,5.1,10.9,25.6,22.0,,免费评估
314,Eindhoven University of Technology,Netherlands,301-400,11-12,0.0,0.0,12.3,9.2,31.1,22.5,,免费评估
315,ESPCI ParisTech,France,301-400,16-18,7.3,18.8,0.0,10.3,15.0,29.3,,免费评估
316,Federal University of Rio de Janeiro,Brazil,301-400,2-4,0.0,0.0,0.0,6.1,40.6,19.9,,免费评估
317,弗林德斯大学Flinders University,Australia,301-400,12-19,15.4,0.0,5.1,5.1,29.1,22.1,,免费评估
318,乔治城大学Georgetown University,USA,301-400,103-125,0.0,0.0,11.1,7.5,31.7,17.9,,免费评估
319,格里菲斯大学Griffith University,Australia,301-400,12-19,0.0,0.0,3.6,8.2,37.1,19.6,,免费评估
320,Hannover Medical School,Germany,301-400,22-28,0.0,0.0,8.7,7.9,31.4,16.8,,免费评估
321,Hanyang University,SouthKorea,301-400,6-8,0.0,0.0,0.0,6.9,40.5,21.6,,免费评估
322,Indian Institute of Science,India,301-400,1,0.0,0.0,7.2,2.7,36.8,18.6,,免费评估
323,Jagiellonian University,Poland,301-400,1-2,10.3,0.0,3.6,5.9,33.6,17.1,,免费评估
324,詹姆斯·库克大学James Cook University,Australia,301-400,12-19,0.0,0.0,10.1,15.4,27.4,23.9,,免费评估
325,Keio University,Japan,301-400,10-12,0.0,0.0,10.1,12.2,32.5,13.4,,免费评估
326,King Abdullah University of Science and Technology,SaudiArabia,301-400,3,0.0,0.0,20.3,9.5,22.4,15.5,,免费评估
327,Kobe University,Japan,301-400,10-12,14.5,0.0,5.1,11.5,30.8,15.1,,免费评估
328,Kyung Hee University,SouthKorea,301-400,6-8,0.0,0.0,5.0,4.4,38.9,18.0,,免费评估
329,兰卡斯特大学University of Lancaster,UK,301-400,29-33,0.0,0.0,13.9,7.4,30.1,19.2,,免费评估
330,Lanzhou University,China,301-400,14-27,0.0,0.0,7.1,2.9,38.9,18.9,,免费评估
331,Linkoping University,Sweden,301-400,8-10,0.0,0.0,10.7,9.3,34.0,17.5,,免费评估
332,London School of Hygiene & Tropical Medicine,UK,301-400,29-33,7.3,0.0,7.1,7.0,32.4,21.6,,免费评估
333,Nankai University,China,301-400,14-27,0.0,0.0,5.0,5.6,36.9,14.2,,免费评估
334,National and Kapodistrian University of Athens,Greece,301-400,1,0.0,0.0,10.6,4.4,38.9,19.7,,免费评估
335,National Cheng Kung University,China-tw,301-400,3-5,0.0,0.0,10.1,4.9,40.7,17.2,,免费评估
336,National Chiao Tung University,China-tw,301-400,3-5,0.0,0.0,8.6,8.8,32.1,19.3,,免费评估
337,Paris Dauphine University (Paris 9),France,301-400,16-18,20.5,26.6,3.6,0.0,12.7,24.2,,免费评估
338,Pohang University of Science and Technology,SouthKorea,301-400,6-8,0.0,0.0,7.1,9.1,29.9,31.9,,免费评估
339,Polytechnic University of Valencia,Spain,301-400,6-8,0.0,0.0,10.4,8.9,32.4,14.7,,免费评估
340,英国女王大学Queen's University Belfast,UK,301-400,29-33,17.8,0.0,0.0,10.1,31.4,17.6,,免费评估
341,伦斯勒理工学院Rensselaer Polytechnic Institute,USA,301-400,103-125,12.6,0.0,13.9,12.0,22.1,23.5,,免费评估
342,Saint Petersburg State University,Russia,301-400,2,26.7,0.0,0.0,6.7,29.7,17.4,,免费评估
343,San Diego State University,USA,301-400,103-125,0.0,0.0,14.3,10.1,24.2,16.2,,免费评估
344,Scuola Normale Superiore - Pisa,Italy,301-400,9-10,0.0,0.0,7.2,6.1,17.2,57.2,,免费评估
345,Shandong University,China,301-400,14-27,0.0,0.0,0.0,3.4,53.1,15.3,,免费评估
346,Sichuan University,China,301-400,14-27,0.0,0.0,0.0,4.3,54.2,15.2,,免费评估
347,South China University of Technology,China,301-400,14-27,0.0,0.0,7.1,5.1,40.7,15.5,,免费评估
348,Southeast University,China,301-400,14-27,0.0,0.0,8.7,5.6,43.6,16.2,,免费评估
349,斯威本科技大学Swinburne University of Technology,Australia,301-400,12-19,0.0,0.0,11.3,10.7,22.3,22.6,,免费评估
350,Technical University of Berlin,Germany,301-400,22-28,16.2,0.0,7.8,7.4,29.1,16.5,,免费评估
351,天普大学Temple University,USA,301-400,103-125,0.0,0.0,13.3,7.0,34.3,12.6,,免费评估
352,香港理工大学The Hong Kong Polytechnic University,China-hk,301-400,5,0.0,0.0,11.3,4.9,38.7,18.9,,免费评估
353,"The University of Newcastle, Australia",Australia,301-400,12-19,0.0,0.0,11.1,5.6,33.0,22.4,,免费评估
354,雷丁大学University of Reading,UK,301-400,29-33,0.0,0.0,14.3,8.4,26.7,18.5,,免费评估
355,The University of Texas at Dallas,USA,301-400,103-125,0.0,0.0,10.1,11.8,27.6,21.9,,免费评估
356,The University of Texas Health Science Center at San Antonio,USA,301-400,103-125,0.0,0.0,20.1,8.5,26.5,15.4,,免费评估
357,Thomas Jefferson University,USA,301-400,103-125,0.0,0.0,8.9,7.2,26.7,27.1,,免费评估
358,Tianjin University,China,301-400,14-27,0.0,0.0,0.0,1.5,46.8,17.8,,免费评估
359,Tongji University,China,301-400,14-27,0.0,0.0,0.0,8.4,46.3,15.7,,免费评估
360,Tulane University,USA,301-400,103-125,0.0,0.0,12.2,8.7,26.1,15.0,,免费评估
361,Umea University,Sweden,301-400,8-10,0.0,0.0,12.2,10.4,33.7,16.8,,免费评估
362,UNESP,Brazil,301-400,2-4,0.0,0.0,0.0,6.6,44.5,21.8,,免费评估
363,University at Albany (State University of New York),USA,301-400,103-125,0.0,0.0,13.1,8.7,25.6,18.4,,免费评估
364,University College Dublin,Ireland,301-400,2,0.0,0.0,10.7,9.7,34.1,18.0,,免费评估
365,University of Antwerp,Belgium,301-400,7,0.0,0.0,5.1,10.7,35.8,26.8,,免费评估
366,University of Belgrade,Serbia,301-400,1,0.0,0.0,0.0,2.5,43.3,21.0,,免费评估
367,University of Bochum,Germany,301-400,22-28,0.0,0.0,13.3,7.4,34.9,18.5,,免费评估
368,University of Campinas,Brazil,301-400,2-4,0.0,0.0,3.6,2.9,41.2,20.2,,免费评估
369,University of Central Florida,USA,301-400,103-125,0.0,0.0,13.6,10.4,28.6,16.6,,免费评估
370,University of Chile,Chile,301-400,1,7.3,0.0,0.0,11.1,33.0,17.1,,免费评估
371,科罗拉多大学丹佛分校University of Colorado Denver,USA,301-400,103-125,0.0,0.0,15.9,10.8,32.3,12.3,,免费评估
372,康涅狄格大学University of Connecticut,USA,301-400,103-125,11.5,0.0,8.0,8.6,35.0,13.4,,免费评估
373,University of Duesseldorf,Germany,301-400,22-28,11.5,0.0,6.1,9.6,31.5,17.0,,免费评估
374,University of Duisburg-Essen,Germany,301-400,22-28,0.0,0.0,8.6,9.7,30.6,16.1,,免费评估
375,University of Giessen,Germany,301-400,22-28,0.0,0.0,12.3,9.9,30.8,17.0,,免费评估
376,University of Granada,Spain,301-400,6-8,0.0,0.0,7.1,7.6,39.7,13.3,,免费评估
377,University of Malaya,Malaysia,301-400,1,0.0,0.0,5.0,0.0,43.9,21.6,,免费评估
378,曼尼托巴大学University of Manitoba,Canada,301-400,17-18,0.0,0.0,8.1,8.0,34.5,15.7,,免费评估
379,University of Missouri - Columbia,USA,301-400,103-125,8.9,0.0,3.6,12.5,38.1,13.7,,免费评估
380,University of Montana - Missoula,USA,301-400,103-125,5.1,0.0,15.9,13.9,17.5,17.8,,免费评估
381,University of Naples Federico II,Italy,301-400,9-10,0.0,0.0,3.6,4.2,42.0,16.6,,免费评估
382,University of New Hampshire - Durham,USA,301-400,103-125,0.0,0.0,14.3,10.3,22.0,15.8,,免费评估
383,奥瑞冈大学University of Oregon (UO),USA,301-400,103-125,8.9,0.0,10.1,14.8,27.3,18.3,,免费评估
384,University of Oulu,Finland,301-400,2-3,11.5,0.0,8.6,7.0,28.5,15.4,,免费评估
385,University of Porto,Portugal,301-400,2,0.0,0.0,0.0,10.7,42.2,21.1,,免费评估
386,萨省大学University of Saskatchewan,Canada,301-400,17-18,8.9,0.0,7.9,7.6,32.3,15.6,,免费评估
387,圣安德鲁斯大学University of St Andrews,UK,301-400,29-33,10.3,0.0,3.8,17.5,29.3,20.8,,免费评估
388,塔斯马尼亚大学University of Tasmania,Australia,301-400,12-19,0.0,0.0,10.1,15.1,28.9,22.9,,免费评估
389,"University of Technology, Sydney",Australia,301-400,12-19,0.0,0.0,14.3,3.9,28.5,19.1,,免费评估
390,University of Turku,Finland,301-400,2-3,0.0,0.0,6.3,8.2,33.0,17.1,,免费评估
391,University of Twente,Netherlands,301-400,11-12,0.0,0.0,5.1,8.3,31.4,20.1,,免费评估
392,University of Ulm,Germany,301-400,22-28,0.0,0.0,12.3,12.6,30.9,17.4,,免费评估
393,University of Valencia,Spain,301-400,6-8,0.0,0.0,8.6,7.6,41.1,14.3,,免费评估
394,佛蒙特大学University of Vermont,USA,301-400,103-125,13.6,0.0,12.2,11.4,26.6,14.8,,免费评估
395,University of Warsaw,Poland,301-400,1-2,15.4,0.0,0.0,8.8,29.9,16.0,,免费评估
396,University of Wyoming,USA,301-400,103-125,0.0,0.0,8.6,14.4,23.3,16.9,,免费评估
397,Washington State University,USA,301-400,103-125,0.0,0.0,17.3,8.5,31.0,16.6,,免费评估
398,Wayne State University,USA,301-400,103-125,0.0,0.0,3.6,9.3,38.1,14.2,,免费评估
399,Wuhan University,China,301-400,14-27,0.0,0.0,0.0,2.5,45.6,13.0,,免费评估
400,Xiamen University,China,301-400,14-27,0.0,0.0,5.5,9.2,39.4,14.7,,免费评估
401,Aalto University,Finland,401-500,4-6,0.0,0.0,0.0,10.4,33.4,17.0,,免费评估
402,Aristotle University of Thessaloniki,Greece,401-500,2,0.0,0.0,4.9,1.5,34.0,16.8,,免费评估
403,奥本大学Auburn University,USA,401-500,126-146,0.0,0.0,8.6,6.3,28.2,13.3,,免费评估
404,Bar-Ilan University,Israel,401-500,5-6,0.0,0.0,7.2,6.9,27.7,14.7,,免费评估
405,Ben-Gurion University of the Negev,Israel,401-500,5-6,0.0,0.0,3.6,5.6,32.9,16.4,,免费评估
406,Bielefeld University,Germany,401-500,29-39,0.0,0.0,11.8,8.6,24.8,14.0,,免费评估
407,波士顿学院Boston College,USA,401-500,126-146,0.0,0.0,8.6,14.1,22.3,15.0,,免费评估
408,布鲁内尔大学Brunel University,UK,401-500,34-37,0.0,0.0,12.2,3.6,23.7,15.5,,免费评估
409,Cairo University,Egypt,401-500,1,19.2,0.0,0.0,3.9,31.0,16.5,,免费评估
410,Capital Medical University,China,401-500,28-32,0.0,0.0,0.0,0.0,36.0,32.2,,免费评估
411,卡尔顿大学Carleton University,Canada,401-500,19-20,0.0,0.0,12.2,5.5,26.8,16.0,,免费评估
412,Catholic University of Chile,Chile,401-500,2,0.0,0.0,3.6,8.0,30.8,15.6,,免费评估
413,Catholic University of Korea,SouthKorea,401-500,9-12,0.0,0.0,0.0,1.5,29.8,34.8,,免费评估
414,Catholic University of the Sacred Heart,Italy,401-500,11-20,0.0,0.0,3.6,7.0,29.8,18.1,,免费评估
415,Chang Gung University,China-tw,401-500,6-7,0.0,0.0,3.6,2.7,34.6,21.7,,免费评估
416,克莱姆森大学Clemson University (CU),USA,401-500,126-146,0.0,0.0,6.3,7.8,26.3,14.4,,免费评估
417,East China University of Science and Technology,China,401-500,28-32,0.0,0.0,5.0,4.6,34.4,15.8,,免费评估
418,Eotvos Lorand University,Hungary,401-500,1-2,13.6,0.0,10.1,7.0,23.5,13.7,,免费评估
419,Ewha Womans University,SouthKorea,401-500,9-12,0.0,0.0,5.0,8.6,27.7,15.9,,免费评估
420,Federal University of Minas Gerais,Brazil,401-500,5-6,0.0,0.0,3.6,4.4,37.0,18.3,,免费评估
421,Federal University of Rio Grande do Sul,Brazil,401-500,5-6,0.0,0.0,0.0,5.0,38.8,19.0,,免费评估
422,Florida International University,USA,401-500,126-146,0.0,0.0,5.0,6.2,28.3,15.8,,免费评估
423,Hiroshima University,Japan,401-500,13-18,0.0,0.0,4.8,11.0,31.1,14.0,,免费评估
424,Istanbul University,Turkey,401-500,1,13.6,0.0,0.0,3.4,34.1,17.2,,免费评估
425,Kanazawa University,Japan,401-500,13-18,0.0,0.0,5.1,10.0,24.6,14.2,,免费评估
426,堪萨斯州立大学Kansas State University,USA,401-500,126-146,0.0,0.0,7.1,10.5,27.9,13.9,,免费评估
427,King Fahd University of Petroleum & Minerals,SaudiArabia,401-500,4,0.0,0.0,21.1,4.6,19.9,17.1,,免费评估
428,Kyungpook National University,SouthKorea,401-500,9-12,0.0,0.0,0.0,3.3,35.0,17.0,,免费评估
429,Medical University of Graz,Austria,401-500,4-6,0.0,9.4,3.6,4.4,23.4,21.4,,免费评估
430,Medical University of South Carolina,USA,401-500,126-146,0.0,0.0,7.2,3.3,29.7,19.7,,免费评估
431,MINES ParisTech,France,401-500,19-22,13.6,24.9,0.0,3.6,7.8,13.6,,免费评估
432,Nanjing Medical University,China,401-500,28-32,0.0,0.0,0.0,3.9,34.9,29.7,,免费评估
433,Nara Institute of Science and Technology,Japan,401-500,13-18,0.0,0.0,13.3,13.5,13.9,11.4,,免费评估
434,National Sun Yat-Sen University,China-tw,401-500,6-7,0.0,0.0,12.3,2.3,26.5,19.6,,免费评估
435,Okayama University,Japan,401-500,13-18,0.0,0.0,3.6,9.0,28.3,11.7,,免费评估
436,Oklahoma State University,USA,401-500,126-146,0.0,0.0,8.6,4.6,27.6,13.6,,免费评估
437,Peking Union Medical College,China,401-500,28-32,0.0,0.0,0.0,10.8,33.6,17.1,,免费评估
438,Polytechnic University of Catalonia,Spain,401-500,9-13,0.0,0.0,5.0,9.3,27.9,14.0,,免费评估
439,Pusan National University,SouthKorea,401-500,9-12,0.0,0.0,0.0,4.3,35.7,16.1,,免费评估
440,昆士兰科技大学Queensland University of Technology,Australia,401-500,20,0.0,0.0,0.0,3.3,34.6,18.5,,免费评估
441,Rush University,USA,401-500,126-146,0.0,0.0,10.7,6.7,24.9,16.6,,免费评估
442,圣路易斯大学Saint Louis University,USA,401-500,126-146,0.0,11.5,5.1,5.0,24.2,11.8,,免费评估
443,Sharif University of Technology,Iran,401-500,2,15.4,0.0,3.6,0.0,29.1,15.3,,免费评估
444,Soochow University,China,401-500,28-32,0.0,0.0,0.0,4.0,41.3,15.3,,免费评估
445,State University of New York Health Science Center at Brooklyn,USA,401-500,126-146,0.0,15.4,5.1,6.7,15.3,17.3,,免费评估
446,Stellenbosch University,SouthAfrica,401-500,3-4,0.0,0.0,5.0,5.3,31.2,15.7,,免费评估
447,Stockholm School of Economics,Sweden,401-500,11,0.0,16.3,0.0,1.5,10.2,39.4,,免费评估
448,雪城大学Syracuse University,USA,401-500,126-146,0.0,0.0,8.1,8.0,25.2,13.4,,免费评估
449,Technical University Darmstadt,Germany,401-500,29-39,14.5,0.0,3.6,7.6,27.8,15.0,,免费评估
450,Technical University of Braunschweig,Germany,401-500,29-39,12.6,0.0,3.6,8.6,22.3,12.6,,免费评估
451,Texas Tech University,USA,401-500,126-146,0.0,0.0,5.1,3.3,31.6,15.1,,免费评估
452,The University of Texas Medical Branch at Galveston,USA,401-500,126-146,0.0,0.0,13.9,5.5,21.3,13.8,,免费评估
453,The University of Tokushima,Japan,401-500,13-18,13.6,0.0,5.1,8.0,19.7,14.7,,免费评估
454,Tokyo Medical and Dental University,Japan,401-500,13-18,0.0,0.0,3.6,9.2,23.9,23.2,,免费评估
455,University College Cork,Ireland,401-500,3,0.0,0.0,13.1,7.5,25.3,14.4,,免费评估
456,University of Alaska - Fairbanks,USA,401-500,126-146,0.0,0.0,12.2,11.7,19.3,15.7,,免费评估
457,University of Arkansas at Fayetteville,USA,401-500,126-146,0.0,0.0,12.2,6.1,24.4,14.1,,免费评估
458,University of Arkansas at Little Rock,USA,401-500,126-146,0.0,0.0,10.7,2.1,24.4,19.9,,免费评估
459,University of Auvergne,France,401-500,19-22,0.0,0.0,7.1,10.5,25.0,16.1,,免费评估
460,巴斯大学University of Bath,UK,401-500,34-37,0.0,0.0,5.1,11.7,27.9,19.1,,免费评估
461,University of Bayreuth,Germany,401-500,29-39,0.0,0.0,8.6,13.3,21.5,13.0,,免费评估
462,University of Bremen,Germany,401-500,29-39,0.0,0.0,0.0,14.1,29.1,15.7,,免费评估
463,University of Coimbra,Portugal,401-500,3,0.0,0.0,0.0,7.2,32.9,16.3,,免费评估
464,University of Eastern Finland,Finland,401-500,4-6,0.0,0.0,10.7,5.7,28.8,15.3,,免费评估
465,埃塞克斯大学University of Essex,UK,401-500,34-37,19.2,0.0,8.6,1.5,20.7,19.9,,免费评估
466,University of Ferrara,Italy,401-500,11-20,0.0,0.0,10.1,5.9,24.9,21.4,,免费评估
467,University of Genoa,Italy,401-500,11-20,0.0,0.0,7.2,4.2,31.7,17.5,,免费评估
468,University of Graz,Austria,401-500,4-6,7.3,9.4,0.0,6.2,19.9,17.0,,免费评估
469,University of Halle-Wittenberg,Germany,401-500,29-39,0.0,6.7,3.6,9.4,25.9,14.0,,免费评估
470,University of Hannover,Germany,401-500,29-39,0.0,0.0,8.6,10.6,24.8,13.8,,免费评估
471,University of Jena,Germany,401-500,29-39,0.0,0.0,0.0,9.3,34.0,17.1,,免费评估
472,University of Jyvaskyla,Finland,401-500,4-6,0.0,0.0,3.6,10.3,26.7,14.1,,免费评估
473,University of Konstanz,Germany,401-500,29-39,0.0,0.0,12.1,11.4,22.2,13.5,,免费评估
474,University of KwaZulu-Natal,SouthAfrica,401-500,3-4,0.0,0.0,3.6,8.4,32.8,16.6,,免费评估
475,University of Ljubljana,Slovenia,401-500,1,0.0,0.0,0.0,7.7,35.1,14.2,,免费评估
476,"University of Maryland, Baltimore County",USA,401-500,126-146,0.0,0.0,17.4,6.5,17.8,17.3,,免费评估
477,University of Milan - Bicocca,Italy,401-500,11-20,0.0,0.0,5.0,5.6,30.9,21.4,,免费评估
478,University of Nice Sophia Antipolis,France,401-500,19-22,0.0,0.0,3.6,16.3,26.2,12.7,,免费评估
479,University of Oklahoma - Norman,USA,401-500,126-146,0.0,0.0,5.1,10.0,28.0,14.0,,免费评估
480,University of Palermo,Italy,401-500,11-20,0.0,0.0,6.3,6.6,28.2,14.8,,免费评估
481,University of Parma,Italy,401-500,11-20,0.0,0.0,13.6,2.1,26.7,19.6,,免费评估
482,University of Pavia,Italy,401-500,11-20,0.0,0.0,5.0,5.7,30.7,19.7,,免费评估
483,University of Perugia,Italy,401-500,11-20,0.0,0.0,3.6,7.5,29.3,18.5,,免费评估
484,University of Quebec,Canada,401-500,19-20,0.0,0.0,0.0,9.8,33.3,16.8,,免费评估
485,University of Regensburg,Germany,401-500,29-39,0.0,0.0,3.6,13.9,27.7,15.2,,免费评估
486,University of Rennes 1,France,401-500,19-22,0.0,0.0,3.6,9.2,28.1,11.2,,免费评估
487,University of Rhode Island,USA,401-500,126-146,0.0,0.0,15.2,6.1,21.1,16.0,,免费评估
488,University of Roma - Tor Vergata,Italy,401-500,11-20,0.0,0.0,0.0,8.8,33.7,19.2,,免费评估
489,University of Rostock,Germany,401-500,29-39,0.0,0.0,8.6,8.4,25.0,13.5,,免费评估
490,University of Santiago Compostela,Spain,401-500,9-13,0.0,0.0,7.1,6.1,31.1,13.2,,免费评估
491,"University of Science, Malaysia",Malaysia,401-500,2,0.0,0.0,7.1,3.3,30.6,15.7,,免费评估
492,University of Seville,Spain,401-500,9-13,0.0,0.0,0.0,7.5,33.7,11.3,,免费评估
493,萨里大学University of Surrey,UK,401-500,34-37,0.0,0.0,8.6,4.9,27.0,18.0,,免费评估
494,University of Szeged,Hungary,401-500,1-2,0.0,13.3,3.6,3.4,21.8,12.8,,免费评估
495,University of the Basque Country,Spain,401-500,9-13,0.0,0.0,3.6,7.1,36.1,13.5,,免费评估
496,University of Trieste,Italy,401-500,11-20,0.0,0.0,5.0,10.9,25.1,20.1,,免费评估
497,University of Zaragoza,Spain,401-500,9-13,0.0,0.0,7.6,5.1,33.3,13.1,,免费评估
498,Utah State University,USA,401-500,126-146,13.6,0.0,3.6,10.8,25.1,15.5,,免费评估
499,Vienna University of Technology,Austria,401-500,4-6,0.0,0.0,0.0,12.2,28.8,22.9,,免费评估
500,威克弗里斯特大学Wake Forest University,USA,401-500,126-146,0.0,0.0,14.9,7.5,25.0,11.9,,免费评估
