﻿Rank,Institution,Country Region,National Rank,Alumni,Award,HiCi,N&S,PUB,PCP,Total Score,Free
1,哈佛大学Harvard University,UnitedStates,1,100.0,100.0,100.0,100.0,100.0,74.1,100.0,免费评估
2,斯坦福大学Stanford University,UnitedStates,2,40.0,78.7,86.6,68.9,71.6,66.9,73.7,免费评估
3,"加州大学伯克利分校University of California,Berkeley",UnitedStates,3,69.0,77.1,68.8,70.6,70.0,53.0,71.4,免费评估
4,剑桥大学University of Cambridge,UnitedKingdom,1,90.3,91.5,53.6,56.0,64.1,65.0,70.4,免费评估
5,麻省理工学院Massachusetts Institute of Technology,UnitedStates,4,71.0,80.6,65.6,68.7,61.6,53.9,69.6,免费评估
6,加利福尼亚理工学院California Institute of Technology,UnitedStates,5,52.8,69.1,57.4,66.1,49.7,100.0,65.4,免费评估
7,哥伦比亚大学Columbia University,UnitedStates,6,72.4,65.7,56.5,52.3,70.5,46.6,62.5,免费评估
8,普林斯顿大学Princeton University,UnitedStates,7,59.3,80.4,61.9,40.5,44.8,59.3,58.9,免费评估
9,芝加哥大学The University of Chicago,UnitedStates,8,67.4,81.9,50.5,39.5,51.9,41.3,57.1,免费评估
10,牛津大学University of Oxford,UnitedKingdom,2,59.0,57.9,48.4,52.0,66.0,45.7,56.8,免费评估
11,耶鲁大学Yale University,UnitedStates,9,48.5,43.6,57.0,55.7,62.4,48.7,54.9,免费评估
12,康奈尔大学Cornell University,UnitedStates,10,41.5,51.3,54.1,52.3,64.7,40.4,54.1,免费评估
13,"加州大学洛杉矶分校University of California,Los Angeles",UnitedStates,11,24.4,42.8,57.4,48.9,75.7,36.0,52.4,免费评估
14,"加利福尼亚大学圣地亚哥分校University of California,San Diego",UnitedStates,12,15.8,34.0,59.7,53.0,66.7,47.4,50.3,免费评估
15,宾夕法尼亚大学University of Pennsylvania,UnitedStates,13,31.7,34.4,58.3,41.3,69.0,39.2,49.0,免费评估
16,"西雅图华盛顿大学University of Washington,Seattle Campus",UnitedStates,14,25.7,31.8,53.1,49.5,74.1,28.0,48.3,免费评估
17,威斯康星大学-麦迪逊分校University of Wisconsin-Madison,UnitedStates,15,38.4,35.5,52.6,41.2,68.1,28.8,47.4,免费评估
18,旧金山大学University of San Francisco,UnitedStates,16,0.0,36.8,54.1,51.5,60.8,47.5,46.6,免费评估
19,The University of Tokyo,Japan,1,32.2,14.1,43.1,51.9,83.3,35.0,46.4,免费评估
20,The Johns Hopkins University,UnitedStates,17,45.8,27.8,43.1,48.7,68.5,24.8,45.5,免费评估
21,"密歇根大学安娜堡分校University of Michigan,Ann Arbor",UnitedStates,18,38.4,0.0,60.6,41.7,78.1,31.4,44.2,免费评估
22,伦敦大学学院University College London,UnitedKingdom,3,31.2,32.2,38.6,44.3,65.8,35.4,44.0,免费评估
23,Kyoto University,Japan,2,35.4,33.4,38.6,35.8,70.6,31.5,43.5,免费评估
24,Swiss Federal Institute of Technology Zurich,Switzerland,1,35.9,36.3,36.1,38.1,53.6,56.0,43.1,免费评估
24,多伦多大学University of Toronto,Canada,1,25.0,19.3,38.6,37.0,79.8,45.8,43.1,免费评估
26,伊利诺伊大学香槟分校University of Illinois at Urbana-Champaign,UnitedStates,19,37.1,36.6,43.8,36.1,60.3,26.9,42.9,免费评估
27,"The Imperial College of Science, Technology and Medicine",UnitedKingdom,4,18.6,37.4,39.9,38.2,61.8,39.4,42.4,免费评估
28,"明尼苏达大学双城校区University of Minnesota,Twin Cities",UnitedStates,20,32.2,16.3,50.0,34.8,67.5,24.4,40.4,免费评估
29,圣路易斯华盛顿大学Washington University in St Louis,UnitedStates,21,22.4,26.0,38.6,43.2,56.0,40.5,40.1,免费评估
30,西北大学Northwestern University,UnitedStates,22,19.4,18.9,46.7,32.8,58.7,37.7,38.1,免费评估
31,纽约大学New York University,UnitedStates,23,34.1,24.5,39.9,34.4,53.4,25.9,37.4,免费评估
32,杜克大学Duke University,UnitedStates,24,18.6,0.0,46.1,42.6,63.4,39.8,37.2,免费评估
32,Rockefeller University,UnitedStates,24,20.2,58.6,29.2,42.2,22.3,37.9,37.2,免费评估
34,科罗拉多大学波尔得分校University of Colorado Boulder,UnitedStates,26,14.8,30.8,39.3,39.4,45.5,30.4,36.4,免费评估
35,英属哥伦比亚大学University of British Columbia,Canada,2,18.6,18.9,31.8,31.9,65.8,38.2,36.3,免费评估
36,"加利福尼亚大学圣塔芭芭拉分校University of California, Santa Barbara",UnitedStates,27,0.0,35.3,41.9,34.9,43.2,35.4,35.5,免费评估
37,马里兰大学University of Maryland-College Park,UnitedStates,28,23.1,20.0,40.6,30.4,53.1,26.1,34.6,免费评估
38,北卡罗来纳州大学教堂山分校University of North Carolina at Chapel Hill,UnitedStates,29,11.2,16.3,37.9,28.8,62.0,29.1,33.9,免费评估
39,德克萨斯大学奥斯汀分校The University of Texas at Austin,UnitedStates,30,19.4,16.7,46.1,26.7,54.2,21.3,33.7,免费评估
40,曼彻斯特大学The University of Manchester,UnitedKingdom,5,24.4,18.9,28.2,28.3,60.5,30.4,33.6,免费评估
41,The University of Texas Southwestern Medical Center at Dallas,UnitedStates,31,21.7,33.2,30.9,31.7,39.3,32.1,33.3,免费评估
42,宾州州立大学Pennsylvania State University,UnitedStates,32,12.5,0.0,45.5,38.5,58.9,24.4,33.1,免费评估
42,Pierre and Marie Curie University - Paris 6,France,1,36.6,23.6,23.1,27.3,58.2,21.3,33.1,免费评估
42,范德堡大学Vanderbilt University,UnitedStates,32,18.6,29.6,30.9,23.1,50.3,36.0,33.1,免费评估
45,University of Copenhagen,Denmark,1,27.4,24.2,26.3,25.4,54.5,33.4,33.0,免费评估
46,"加利福尼亚大学欧文分校University of California, Irvine",UnitedStates,34,0.0,29.4,37.2,27.5,49.3,32.9,32.8,免费评估
47,Utrecht University,Netherlands,1,27.4,20.9,28.2,28.8,53.3,26.0,32.4,免费评估
48,"加州大学戴维斯分校University of California,Davis",UnitedStates,35,0.0,0.0,46.7,31.7,63.2,30.0,32.2,免费评估
49,University of Paris Sud (Paris 11),France,2,33.3,46.2,14.6,20.4,47.0,23.1,32.1,免费评估
50,南加州大学University of Southern California,UnitedStates,36,0.0,26.8,38.6,24.7,52.6,26.7,32.0,免费评估
51,Karolinska Institute,Sweden,1,27.4,27.3,31.8,18.3,50.1,25.7,31.6,免费评估
52,匹兹堡大学University of Pittsburgh-Pittsburgh Campus,UnitedStates,37,22.4,0.0,40.6,23.2,63.1,28.3,31.3,免费评估
53,University of Zurich,Switzerland,2,11.2,26.8,24.7,27.5,50.2,32.4,31.0,免费评估
54,"罗格斯大学Rutgers, The State University of New Jersey, New Brunswick",UnitedStates,38,13.7,20.0,39.9,27.9,44.0,23.8,30.9,免费评估
55,爱丁堡大学The University of Edinburgh,UnitedKingdom,6,20.2,16.7,26.3,32.3,49.7,30.0,30.8,免费评估
55,University of Munich,Germany,1,33.1,22.9,16.3,25.6,52.7,31.8,30.8,免费评估
57,Technical University Munich,Germany,2,41.1,23.6,25.3,18.9,44.8,30.6,30.5,免费评估
58,佛罗里达大学University of Florida,UnitedStates,39,20.2,0.0,37.2,22.7,64.9,26.6,30.4,免费评估
59,澳大利亚国立大学The Australian National University,Australia,1,15.8,12.6,35.7,30.5,43.4,32.2,30.0,免费评估
60,麦吉尔大学McGill University,Canada,3,25.7,0.0,32.6,22.8,60.3,34.3,29.9,免费评估
61,布里斯托大学University of Bristol,UnitedKingdom,7,9.7,17.9,28.2,28.1,47.8,33.5,29.5,免费评估
62,卡内基梅隆大学Carnegie Mellon University,UnitedStates,40,31.2,32.8,31.8,11.3,35.7,30.9,29.3,免费评估
62,俄亥俄州立大学Ohio State University,UnitedStates,40,15.8,0.0,41.9,19.8,63.0,20.3,29.3,免费评估
64,University of Oslo,Norway,1,23.1,33.4,17.9,17.0,46.7,29.8,29.0,免费评估
65,普渡大学Purdue University,UnitedStates,42,16.8,16.7,30.1,22.0,52.8,21.0,28.8,免费评估
65,The Hebrew University of Jerusalem,Israel,1,29.6,20.0,24.2,22.9,44.1,28.7,28.8,免费评估
67,University of Heidelberg,Germany,3,17.7,27.2,17.9,20.4,49.2,29.3,28.4,免费评估
68,Osaka University,Japan,3,11.2,0.0,26.3,28.2,63.6,28.7,28.3,免费评估
68,赫尔大学University of Hull,Finland,1,16.8,17.9,21.9,20.8,53.8,30.1,28.3,免费评估
70,Moscow State University,Russia,1,49.1,34.2,0.0,8.3,53.2,33.4,28.1,免费评估
71,布朗大学Brown University,UnitedStates,43,16.8,13.6,31.8,26.6,40.4,29.9,27.9,免费评估
71,Uppsala University,Sweden,2,23.1,32.2,12.6,19.3,49.5,21.0,27.9,免费评估
73,Ecole Normale Superieure - Paris,France,3,53.4,24.5,12.6,17.2,25.9,56.2,27.7,免费评估
73,墨尔本大学The University of Melbourne,Australia,2,13.7,14.1,23.1,19.6,58.1,26.7,27.7,免费评估
73,罗彻斯特大学University of Rochester,UnitedStates,44,29.6,8.9,27.3,21.6,44.1,36.1,27.7,免费评估
76,Leiden University,Netherlands,2,22.4,15.5,28.2,17.7,47.6,28.8,27.6,免费评估
77,谢菲尔德大学The University of Sheffield,UnitedKingdom,8,20.9,14.1,21.9,25.5,47.0,29.7,27.5,免费评估
77,亚利桑那州立大学Arizona State University,UnitedStates,45,0.0,0.0,30.1,36.5,54.2,25.9,27.5,免费评估
79,Tohoku University,Japan,4,16.8,0.0,21.9,23.2,63.9,28.9,27.1,免费评估
79,犹他大学University of Utah,UnitedStates,46,0.0,11.5,30.1,29.2,48.0,26.1,27.1,免费评估
81,伦敦国王学院King's College London,UnitedKingdom,9,14.8,23.1,21.9,15.3,48.7,28.6,26.8,免费评估
82,诺丁汉大学The University of Nottingham,UnitedKingdom,10,13.7,20.0,24.2,16.0,47.9,28.7,26.5,免费评估
83,波士顿大学Boston University,UnitedStates,47,13.7,0.0,30.1,27.5,51.5,17.8,25.6,免费评估
83,凯斯西储大学Case Western Reserve University,UnitedStates,47,36.3,11.5,21.9,15.2,42.1,31.5,25.6,免费评估
83,密歇根州立大学Michigan State University,UnitedStates,47,11.2,0.0,35.7,22.4,51.6,18.5,25.6,免费评估
86,Stockholm University,Sweden,3,26.3,29.6,16.3,19.2,36.2,19.7,25.5,免费评估
87,University of Basel,Switzerland,3,23.1,17.1,20.6,21.1,35.7,34.9,25.4,免费评估
88,Texas A&M University - College Station,UnitedStates,50,0.0,0.0,32.6,24.5,55.0,20.9,25.2,免费评估
89,麦克马斯特大学McMaster University,Canada,4,14.8,18.9,21.9,14.7,46.1,26.4,25.1,免费评估
90,University of Goettingen,Germany,4,34.5,20.0,14.6,16.5,40.3,25.6,24.9,免费评估
91,伯明翰大学University of Birmingham,UnitedKingdom,11,22.4,10.9,21.9,15.6,47.3,28.0,24.8,免费评估
92,印第安纳大学伯明顿主校区Indiana University Bloomington,UnitedStates,51,12.5,17.9,26.3,21.2,39.3,18.1,24.6,免费评估
93,Arizona State University - Tempe,UnitedStates,52,0.0,14.1,24.2,28.2,43.1,18.9,24.5,免费评估
93,Aarhus University,Denmark,2,13.7,18.9,7.3,24.5,48.2,27.0,24.5,免费评估
95,"弗吉尼亚大学University of Virginia,Main Campus",UnitedStates,53,0.0,0.0,32.6,26.3,47.2,25.5,24.4,免费评估
96,University of Freiburg,Germany,5,22.4,20.9,16.3,19.2,38.0,24.2,24.2,免费评估
97,Lund University,Sweden,4,26.3,0.0,25.3,18.0,51.7,18.6,24.1,免费评估
97,莱斯大学Rice University,UnitedStates,54,19.4,21.9,21.9,19.7,29.5,29.3,24.1,免费评估
97,University of Bonn,Germany,6,17.7,20.0,14.6,20.2,41.3,24.7,24.1,免费评估
97,悉尼大学The University of Sydney,Australia,3,17.7,0.0,20.6,16.4,58.0,26.8,24.1,免费评估
