﻿Rank,Institution,Country Region,National Rank,Alumni,Award,HiCi,N&S,PUB,PCP,Total Score,Free
1,哈佛大学Harvard University,USA,1,100.0,100.0,100.0,100.0,100.0,79.6,100.0,免费评估
2,斯坦福大学Stanford University,USA,2,44.5,88.5,76.6,78.6,76.5,56.0,75.6,免费评估
3,剑桥大学University of Cambridge,UK,1,82.3,95.4,56.7,57.6,70.9,59.5,71.8,免费评估
4,麻省理工学院Massachusetts Institute of Technology,USA,3,70.9,83.6,52.5,71.4,64.4,70.3,69.9,免费评估
5,"加州大学伯克利分校University of California,Berkeley",USA,4,65.6,78.4,61.3,67.8,65.1,58.2,68.3,免费评估
6,普林斯顿大学Princeton University,USA,5,55.8,97.9,44.9,47.1,44.2,73.3,61.0,免费评估
7,牛津大学University of Oxford,UK,2,50.8,54.2,61.3,52.6,77.1,46.8,60.0,免费评估
8,哥伦比亚大学Columbia University,USA,6,62.8,67.2,41.8,56.4,71.5,33.7,58.2,免费评估
9,加利福尼亚理工学院California Institute of Technology,USA,7,53.5,67.5,34.5,57.6,45.0,100.0,57.4,免费评估
10,芝加哥大学The University of Chicago,USA,8,59.2,90.1,35.8,42.5,52.0,44.2,55.5,免费评估
11,"加州大学洛杉矶分校University of California,Los Angeles",USA,9,29.2,46.4,55.9,44.9,73.1,32.1,51.2,免费评估
12,康奈尔大学Cornell University,USA,10,43.1,49.1,46.9,47.3,61.6,43.4,50.7,免费评估
12,耶鲁大学Yale University,USA,10,47.1,49.7,44.9,53.4,58.7,35.7,50.7,免费评估
14,"西雅图华盛顿大学University of Washington,Seattle Campus",USA,12,24.9,37.4,54.2,49.1,75.9,31.4,50.0,免费评估
15,"加利福尼亚大学圣地亚哥分校University of California,San Diego",USA,13,19.0,35.1,53.3,53.0,65.4,35.9,47.8,免费评估
16,宾夕法尼亚大学University of Pennsylvania,USA,14,31.3,33.4,46.9,41.7,69.7,39.7,46.4,免费评估
17,伦敦大学学院University College London,UK,3,27.8,35.8,41.8,39.0,78.8,32.6,46.1,免费评估
18,约翰霍普金斯大学Johns Hopkins University,USA,15,37.3,33.2,37.1,43.4,75.7,28.7,45.4,免费评估
19,Swiss Federal Institute of Technology Zurich,Switzerland,1,29.2,35.1,33.2,49.9,58.7,47.5,43.9,免费评估
20,圣路易斯华盛顿大学Washington University in St Louis,USA,16,22.7,24.6,55.0,42.3,53.8,38.6,42.1,免费评估
21,旧金山大学University of San Francisco,USA,17,0.0,39.4,35.8,50.9,63.2,32.0,41.9,免费评估
22,The University of Tokyo,Japan,1,38.3,25.0,25.3,46.0,72.8,29.8,41.5,免费评估
23,多伦多大学University of Toronto,Canada,1,19.7,17.0,35.8,38.9,83.1,31.7,40.9,免费评估
24,帝国理工学院Imperial College London,UK,4,14.4,35.4,35.8,31.0,67.7,39.1,40.1,免费评估
25,西北大学Northwestern University,USA,18,15.2,27.6,48.8,33.3,62.2,31.7,39.9,免费评估
26,杜克大学Duke University,USA,19,15.2,19.0,55.9,35.6,63.9,25.5,39.7,免费评估
27,"密歇根大学安娜堡分校University of Michigan,Ann Arbor",USA,20,34.1,0.0,41.8,41.0,80.8,25.0,39.4,免费评估
28,威斯康星大学-麦迪逊分校University of Wisconsin-Madison,USA,21,32.5,34.3,30.3,32.3,65.0,24.3,38.9,免费评估
29,University of Copenhagen,Denmark,1,21.5,18.6,33.2,37.6,67.8,42.9,38.7,免费评估
30,Rockefeller University,USA,22,16.8,61.4,33.2,42.4,19.5,41.5,37.9,免费评估
30,北卡罗来纳州大学教堂山分校University of North Carolina at Chapel Hill,USA,22,8.8,23.4,45.9,30.2,64.7,34.4,37.9,免费评估
32,纽约大学New York University,USA,24,29.6,31.5,25.3,39.5,60.6,20.8,37.2,免费评估
32,爱丁堡大学The University of Edinburgh,UK,5,27.3,24.6,42.8,30.9,55.9,28.7,37.2,免费评估
34,曼彻斯特大学The University of Manchester,UK,6,18.3,32.2,34.5,30.9,60.0,28.9,37.0,免费评估
35,Kyoto University,Japan,2,31.3,36.7,21.4,31.7,60.8,23.9,36.4,免费评估
36,Sorbonne University,France,1,33.3,27.1,25.3,29.9,64.7,26.2,36.1,免费评估
37,"明尼苏达大学双城校区University of Minnesota,Twin Cities",USA,25,29.2,16.1,34.5,31.2,67.5,23.7,35.9,免费评估
38,墨尔本大学The University of Melbourne,Australia,1,16.8,13.1,42.8,21.4,72.3,33.6,35.7,免费评估
38,科罗拉多大学波尔得分校University of Colorado Boulder,USA,26,12.4,33.6,31.8,37.4,48.5,35.0,35.7,免费评估
40,德克萨斯大学奥斯汀分校The University of Texas at Austin,USA,27,20.9,16.1,38.3,36.4,58.6,29.2,35.6,免费评估
41,伊利诺伊大学香槟分校University of Illinois at Urbana-Champaign,USA,28,29.6,35.8,19.2,31.8,57.8,28.0,35.4,免费评估
42,University of Paris-Sud (Paris 11),France,2,30.0,53.6,19.2,18.5,49.0,33.4,35.1,免费评估
43,英属哥伦比亚大学University of British Columbia,Canada,2,15.2,18.6,34.5,29.6,66.6,26.7,34.8,免费评估
44,Karolinska Institute,Sweden,1,25.4,26.3,25.3,24.9,56.6,48.6,34.7,免费评估
45,Tsinghua University,China,1,10.2,0.0,37.1,38.4,74.6,24.1,34.1,免费评估
46,"加利福尼亚大学圣塔芭芭拉分校University of California, Santa Barbara",USA,29,14.4,38.6,30.3,28.7,40.1,37.5,33.4,免费评估
47,Heidelberg University,Germany,1,19.7,25.0,28.7,27.7,53.6,35.6,33.2,免费评估
48,Technical University Munich,Germany,2,36.6,21.3,25.3,25.2,53.6,35.5,33.0,免费评估
48,The University of Texas Southwestern Medical Center at Dallas,USA,30,18.3,34.0,28.7,39.4,36.7,27.0,33.0,免费评估
50,范德堡大学Vanderbilt University,USA,31,15.2,28.6,30.3,23.0,53.4,35.3,32.8,免费评估
51,马里兰大学University of Maryland-College Park,USA,32,19.0,19.7,25.3,33.5,55.3,29.3,32.3,免费评估
51,Utrecht University,Netherlands,1,22.7,19.7,35.8,26.5,50.1,29.3,32.3,免费评估
53,University of Munich,Germany,3,28.3,18.9,23.5,30.6,53.3,34.9,32.2,免费评估
54,University of Zurich,Switzerland,2,5.1,23.7,30.3,29.4,54.0,33.8,32.0,免费评估
55,昆士兰大学The University of Queensland,Australia,2,12.4,0.0,37.1,26.6,66.8,34.9,31.5,免费评估
56,伦敦国王学院King's College London,UK,7,20.9,20.8,30.3,20.6,57.9,27.5,31.4,免费评估
57,Peking University,China,2,11.4,0.0,34.5,29.5,70.7,22.6,31.0,免费评估
57,University of Helsinki,Finland,1,18.3,20.8,28.7,21.7,54.6,34.2,31.0,免费评估
59,University of Geneva,Switzerland,3,29.6,27.9,25.3,27.0,40.1,32.6,30.9,免费评估
60,南加州大学University of Southern California,USA,33,0.0,31.3,31.8,20.4,55.1,24.6,30.8,免费评估
61,Ghent University,Belgium,1,5.1,13.1,39.5,17.5,59.1,36.7,30.7,免费评估
62,University of Oslo,Norway,1,27.8,32.2,13.5,17.2,54.9,28.6,29.8,免费评估
63,Uppsala University,Sweden,2,17.6,27.1,16.6,23.9,53.5,29.5,29.5,免费评估
64,Ecole Normale Superieure - Paris,France,3,48.4,27.6,0.0,18.8,30.3,84.8,29.3,免费评估
65,Aarhus University,Denmark,2,11.4,21.8,19.2,23.3,56.6,33.4,29.2,免费评估
66,University of Groningen,Netherlands,2,13.4,25.2,19.2,18.4,55.9,33.7,29.0,免费评估
67,Zhejiang University,China,3,0.0,0.0,35.8,17.6,74.5,21.8,28.3,免费评估
68,悉尼大学The University of Sydney,Australia,3,14.4,0.0,28.7,17.9,69.3,28.7,28.1,免费评估
69,澳大利亚国立大学The Australian National University,Australia,4,13.4,19.0,23.5,23.9,48.0,31.7,28.0,免费评估
70,波士顿大学Boston University,USA,34,11.4,11.4,30.3,24.3,53.1,23.8,27.9,免费评估
70,麦吉尔大学McGill University,Canada,3,32.5,0.0,19.2,25.8,62.1,26.8,27.9,免费评估
70,普渡大学Purdue University,USA,34,13.4,22.8,19.2,23.1,53.2,23.7,27.9,免费评估
70,莱斯大学Rice University,USA,34,16.1,21.4,35.8,19.7,32.4,38.6,27.9,免费评估
74,Leiden University,Netherlands,3,17.6,9.3,28.7,20.6,51.9,33.0,27.7,免费评估
74,宾州州立大学Pennsylvania State University,USA,37,10.2,0.0,34.5,28.7,55.1,24.6,27.7,免费评估
74,布里斯托大学University of Bristol,UK,8,7.2,16.1,23.5,30.0,48.4,28.6,27.7,免费评估
77,Stockholm University,Sweden,3,23.8,27.1,16.6,22.1,43.8,27.4,27.6,免费评估
77,Technion-Israel Institute of Technology,Israel,1,23.3,37.2,19.2,20.6,32.1,28.8,27.6,免费评估
79,Erasmus University Rotterdam,Netherlands,4,0.0,14.7,48.8,14.6,36.4,40.2,27.5,免费评估
79,佐治亚理工学院Georgia Institute of Technology,USA,38,12.4,0.0,38.3,24.6,46.6,38.0,27.5,免费评估
81,Mayo Medical School,USA,39,0.0,0.0,50.7,13.8,51.3,35.9,27.3,免费评估
81,Swiss Federal Institute of Technology Lausanne,Switzerland,4,0.0,0.0,34.5,33.1,43.8,44.4,27.3,免费评估
83,Nagoya University,Japan,3,28.7,25.0,16.6,18.8,46.2,25.0,27.2,免费评估
83,"加利福尼亚大学欧文分校University of California, Irvine",USA,40,0.0,28.9,21.4,22.7,47.6,24.8,27.2,免费评估
85,National University of Singapore,Singapore,1,0.0,0.0,30.3,22.4,62.1,35.5,27.1,免费评估
86,KU Leuven,Belgium,2,0.0,0.0,33.2,22.4,60.9,31.2,27.0,免费评估
86,麦克马斯特大学McMaster University,Canada,4,12.4,18.6,34.5,11.3,46.3,30.8,27.0,免费评估
86,Moscow State University,Russia,1,40.9,32.6,0.0,9.7,52.5,33.7,27.0,免费评估
86,佛罗里达大学University of Florida,USA,41,16.8,0.0,28.7,18.9,63.6,24.8,27.0,免费评估
90,匹兹堡大学University of Pittsburgh-Pittsburgh Campus,USA,42,18.3,0.0,33.2,18.1,62.0,18.9,26.9,免费评估
91,卡内基梅隆大学Carnegie Mellon University,USA,43,31.3,31.2,21.4,12.3,35.6,30.1,26.8,免费评估
91,蒙纳什大学Monash University,Australia,5,0.0,0.0,28.7,23.1,64.6,29.7,26.8,免费评估
93,西澳大学The University of Western Australia,Australia,6,13.4,13.9,25.3,15.7,51.1,33.5,26.5,免费评估
94,俄亥俄州立大学Ohio State University,USA,44,12.4,0.0,27.1,21.3,65.3,18.6,26.4,免费评估
95,The Hebrew University of Jerusalem,Israel,2,31.7,27.9,13.5,17.9,39.0,28.1,26.2,免费评估
96,Nanyang Technological University,Singapore,2,0.0,0.0,35.8,19.2,55.2,33.5,25.9,免费评估
96,University of Basel,Switzerland,5,23.3,16.1,13.5,27.1,40.5,36.3,25.9,免费评估
96,"加州大学戴维斯分校University of California,Davis",USA,45,0.0,0.0,25.3,30.5,59.3,23.6,25.9,免费评估
99,University of Goettingen,Germany,4,30.5,14.7,21.4,22.1,39.0,27.4,25.7,免费评估
100,The University of Texas M. D. Anderson Cancer Center,USA,46,0.0,0.0,31.8,23.0,42.7,50.7,25.1,免费评估
