﻿Ranking,University Name,Guardian score,Satisfied overall,Satisfied with teaching,Satisfied with feedback,Student:taff ratio,Spend per student,Entry Tariff,Value added score,Career after 6 mths,Free
1,剑桥大学University of Cambridge,100.0,91.0,90.0,72.0,11.7,9.76,556,6.0,82,免费评估
2,牛津大学University of Oxford,97.9,94.0,93.0,70.0,10.8,10.0,535,7.2,81,免费评估
3,圣安德鲁斯大学University of St Andrews,85.3,93.0,95.0,68.0,13.3,7.25,484,7.2,73,免费评估
4,伦敦政治经济学院The London School of Economics and Political Science,84.7,80.0,81.0,63.0,11.8,8.45,512,6.0,81,免费评估
5,伦敦大学学院University College London,82.5,87.0,87.0,62.0,9.7,8.43,474,7.5,77,免费评估
6,华威大学The University of Warwick,81.8,89.0,88.0,61.0,14.1,8.56,480,6.6,69,免费评估
7,兰卡斯特大学Lancaster University,79.1,87.0,88.0,66.0,13.8,7.49,407,5.4,68,免费评估
8,杜伦大学Durham University,77.2,88.0,87.0,66.0,15.3,6.14,485,5.4,76,免费评估
9,拉夫堡大学Loughborough University,75.5,89.0,88.0,72.0,17.1,5.8,389,5.6,67,免费评估
10,帝国理工学院Imperial College London,74.1,85.0,84.0,51.0,10.9,8.54,514,4.8,83,免费评估
11,埃克塞特大学University of Exeter,73.8,90.0,91.0,71.0,20.0,4.97,437,7.2,64,免费评估
11,萨塞克斯大学University of Sussex,73.8,91.0,92.0,72.0,16.1,4.64,378,7.5,66,免费评估
13,伦敦大学亚非学院SOAS University of London,73.7,84.0,88.0,65.0,11.1,7.02,418,6.9,62,免费评估
14,巴斯大学University of Bath,73.6,86.0,86.0,61.0,16.1,5.33,456,6.4,75,免费评估
15,约克大学The University of York,72.7,87.0,90.0,69.0,14.9,6.63,434,5.3,64,免费评估
16,爱丁堡大学The University of Edinburgh,70.6,85.0,87.0,51.0,14.4,8.64,437,6.6,70,免费评估
17,莱斯特大学University of Leicester,70.4,89.0,88.0,71.0,14.7,6.78,398,5.2,67,免费评估
18,东英吉利大学University of East Anglia,69.8,90.0,90.0,68.0,14.9,7.12,381,5.8,61,免费评估
19,诺丁汉大学University of Nottingham,69.5,87.0,87.0,62.0,14.2,6.39,426,5.0,74,免费评估
19,萨里大学University of Surrey,69.5,83.0,84.0,62.0,19.0,7.15,388,5.8,74,免费评估
21,格拉斯哥大学University of Glasgow,69.2,89.0,90.0,65.0,14.5,6.47,405,6.0,69,免费评估
22,伦敦城市大学City University London,68.8,80.0,80.0,61.0,17.6,7.53,359,5.8,65,免费评估
23,肯特大学University of Kent,68.3,87.0,86.0,67.0,14.4,6.31,328,4.6,65,免费评估
24,伯明翰大学University of Birmingham,68.1,87.0,88.0,62.0,15.4,7.86,420,5.0,67,免费评估
25,布里斯托大学University of Bristol,67.9,84.0,89.0,57.0,13.5,6.32,465,5.7,75,免费评估
26,邓迪大学University of Dundee,67.8,87.0,88.0,68.0,14.3,6.0,347,6.1,65,免费评估
27,赫瑞瓦特大学Heriot Watt University,67.7,87.0,84.0,62.0,19.1,7.31,334,6.6,68,免费评估
28,南安普顿大学University of Southampton,67.1,86.0,86.0,60.0,13.6,6.24,427,6.2,63,免费评估
29,斯凯莱德大学,66.9,85.0,85.0,60.0,18.0,6.16,391,6.8,66,免费评估
30,伦敦国王学院King's College London,66.6,85.0,87.0,61.0,12.0,6.35,444,6.0,79,免费评估
31,纽卡斯尔大学Newcastle University,66.3,87.0,87.0,63.0,15.3,5.55,409,5.5,72,免费评估
32,雷丁大学University of Reading,65.4,87.0,86.0,63.0,15.5,5.87,367,5.4,63,免费评估
33,谢菲尔德大学The University of Sheffield,64.5,88.0,88.0,63.0,14.9,4.83,425,5.5,69,免费评估
34,阿斯顿大学Aston University,64.2,83.0,81.0,59.0,17.1,5.9,369,5.3,73,免费评估
35,伦敦大学皇家霍洛威学院Royal Holloway University of London,63.7,85.0,87.0,65.0,15.7,4.83,378,4.9,59,免费评估
36,伦敦大学玛丽女王学院Queen Mary University of London,63.6,85.0,84.0,66.0,13.6,6.34,385,5.3,67,免费评估
37,利兹大学University of Leeds,63.0,83.0,85.0,61.0,14.9,6.28,408,5.9,63,免费评估
38,罗伯特高登大学The Robert Gordon University,62.6,83.0,83.0,65.0,19.0,4.23,294,6.7,76,免费评估
39,卡迪夫大学Cardiff University,61.5,86.0,87.0,58.0,15.0,5.96,404,4.9,71,免费评估
39,埃塞克斯大学University of Essex,61.5,87.0,86.0,67.0,15.6,6.22,304,4.9,54,免费评估
41,曼彻斯特大学The University of Manchester,61.4,80.0,83.0,52.0,15.4,7.86,421,5.3,67,免费评估
42,伯恩茅斯大学Bournemouth University,60.8,77.0,82.0,65.0,23.6,6.94,295,6.6,58,免费评估
42,牛津布鲁克斯大学Oxford Brookes University,60.8,85.0,86.0,67.0,18.1,4.94,307,6.9,59,免费评估
44,斯特林大学University of Stirling,60.7,89.0,88.0,69.0,19.3,4.25,296,7.0,60,免费评估
45,阿伯丁大学University of Aberdeen,60.3,88.0,87.0,64.0,15.8,5.22,330,6.5,67,免费评估
46,法尔茅茨大学,60.2,77.0,82.0,71.0,23.5,5.95,279,,47,免费评估
47,普利茅斯大学University of Plymouth,60.1,78.0,83.0,63.0,16.5,7.21,294,6.2,61,免费评估
48,桑德兰大学University of Sunderland,59.7,82.0,83.0,68.0,15.8,6.7,244,6.2,51,免费评估
49,利物浦大学The University of Liverpool,59.3,83.0,84.0,59.0,13.2,6.66,399,5.4,66,免费评估
50,英国女王大学Queen's University Belfast,58.8,85.0,86.0,59.0,14.8,5.6,361,5.5,63,免费评估
50,亚伯大学Aberystwyth University,58.8,92.0,92.0,72.0,18.1,4.77,297,4.5,51,免费评估
52,龙比亚大学Napier University,58.5,80.0,81.0,62.0,21.6,3.58,296,8.3,66,免费评估
53,哈德斯菲尔德大学University of Huddersfield,58.0,78.0,81.0,72.0,18.4,4.45,266,5.6,64,免费评估
54,基尔大学Keele University,57.3,89.0,88.0,68.0,14.5,4.4,309,5.5,62,免费评估
55,诺桑比亚大学Northumbria University,56.9,82.0,82.0,66.0,20.3,4.51,298,6.0,65,免费评估
56,玛格丽特女王大学Queen Margaret University,56.5,,,,21.7,2.59,304,7.7,59,免费评估
57,林肯大学University of Lincoln,56.3,83.0,84.0,70.0,19.7,3.43,288,5.0,53,免费评估
58,奇切斯特大学University of Chichester,56.2,84.0,87.0,70.0,16.6,3.34,286,4.4,51,免费评估
59,西英格兰大学University of the West of England,55.5,80.0,83.0,64.0,20.7,3.82,276,6.8,58,免费评估
60,蒂赛德大学Teesside University,55.2,82.0,82.0,72.0,19.5,5.2,266,5.3,57,免费评估
61,格罗斯特大学University of Gloucestershire,55.1,78.0,82.0,68.0,20.6,5.3,258,7.2,55,免费评估
62,伦敦大学金史密斯学院Goldsmiths University of London,54.9,81.0,88.0,62.0,17.6,3.8,325,5.5,48,免费评估
63,考文垂大学Coventry University,54.5,78.0,80.0,65.0,15.7,3.33,294,7.2,56,免费评估
63,北安普顿大学The University of Northampton,54.5,82.0,84.0,70.0,22.9,5.22,236,8.5,49,免费评估
65,谢菲尔德哈莱姆大学Sheffield Hallam University,54.2,79.0,81.0,63.0,19.8,4.43,286,7.2,57,免费评估
65,巴斯斯巴大学Bath Spa University,54.2,79.0,86.0,71.0,21.1,4.07,290,7.6,43,免费评估
67,诺丁汉特伦特大学Nottingham Trent University,53.9,80.0,78.0,62.0,19.7,4.53,286,4.1,57,免费评估
68,格拉摩根大学University of Glamorgan,53.7,78.0,81.0,67.0,20.2,4.6,278,5.5,48,免费评估
69,温切斯特大学University of Winchester,53.6,79.0,83.0,67.0,17.7,2.52,274,6.1,49,免费评估
70,中央兰开夏大学University of Central Lancashire,53.4,83.0,83.0,70.0,18.4,5.89,259,4.0,55,免费评估
71,威尔士大学卡迪夫学院,53.1,82.0,81.0,68.0,20.7,4.1,266,6.1,51,免费评估
72,赫特福德大学University of Hertfordshire,52.9,82.0,83.0,65.0,18.5,4.0,242,8.0,54,免费评估
73,布莱顿大学University of Brighton,52.8,80.0,82.0,65.0,18.8,4.55,288,6.0,53,免费评估
74,格拉斯哥喀里多尼亚大学Glasgow Caledonian University,52.5,83.0,82.0,60.0,20.9,3.85,299,7.3,53,免费评估
75,赫尔大学The University of Hull,52.2,87.0,87.0,68.0,20.1,4.55,306,3.5,60,免费评估
75,米德塞斯大学Middlesex University,52.2,78.0,78.0,66.0,21.0,7.23,206,6.4,51,免费评估
77,斯塔福德大学,51.9,82.0,82.0,66.0,21.7,5.66,238,4.7,56,免费评估
78,艾芝西尔大学Edge Hill University,50.9,83.0,86.0,74.0,18.5,3.26,258,3.4,59,免费评估
79,班戈大学Bangor University,50.8,86.0,87.0,67.0,20.7,5.35,286,4.0,54,免费评估
80,切斯特大学University of Chester,50.5,78.0,82.0,68.0,17.2,3.29,270,4.8,58,免费评估
81,东伦敦大学University of East London,50.2,67.0,73.0,62.0,,7.74,217,4.4,49,免费评估
82,圣玛丽大学,50.1,84.0,89.0,70.0,22.1,2.29,244,5.1,57,免费评估
82,布鲁内尔大学Brunel University,50.1,75.0,76.0,59.0,20.2,4.32,325,6.7,54,免费评估
84,利兹三一学院,50.0,84.0,88.0,69.0,22.8,2.08,246,2.2,66,免费评估
85,朴茨茅斯大学University of Portsmouth,49.9,84.0,85.0,66.0,20.5,4.94,282,3.3,52,免费评估
86,布拉德福德大学University of Bradford,49.4,83.0,80.0,63.0,17.5,5.16,264,3.8,66,免费评估
87,威斯敏斯特大学University of Westminster,49.0,73.0,75.0,60.0,17.1,3.99,271,7.5,49,免费评估
88,阿尔斯特大学University of Ulster,48.9,82.0,80.0,62.0,17.0,4.07,264,5.6,51,免费评估
89,哥比亚大学University of Cumbria,48.7,70.0,78.0,65.0,15.3,5.6,259,4.3,63,免费评估
90,伯明翰城市大学Birmingham City University,48.4,73.0,78.0,63.0,20.9,5.34,261,5.5,65,免费评估
91,安格里亚鲁斯金大学,47.8,70.0,77.0,67.0,22.7,7.7,252,5.2,50,免费评估
92,金斯顿大学Kingston University,47.5,80.0,81.0,62.0,19.9,4.45,241,7.2,48,免费评估
93,德蒙福特大学De Montfort University,47.3,82.0,82.0,68.0,17.5,3.91,256,4.1,47,免费评估
94,德比大学University of Derby,47.1,79.0,82.0,67.0,20.5,4.05,247,4.9,48,免费评估
94,斯旺西大学Swansea University,47.1,84.0,84.0,64.0,16.5,3.93,311,4.3,56,免费评估
96,约克圣约翰大学York St John University,46.5,81.0,84.0,72.0,21.2,5.84,280,4.0,48,免费评估
97,纽曼大学学院,45.8,83.0,86.0,74.0,17.7,3.53,235,3.3,63,免费评估
97,罗汉普顿大学Roehampton University,45.8,79.0,82.0,60.0,18.8,3.39,258,5.4,54,免费评估
99,格林威治大学The University of Greenwich,45.7,84.0,84.0,72.0,23.3,4.45,209,5.0,50,免费评估
100,伦敦南岸大学London South Bank University,45.3,81.0,82.0,65.0,23.3,3.96,198,6.5,44,免费评估
101,威尔士大学三一圣大卫学院,45.2,78.0,83.0,65.0,18.7,2.74,248,2.3,58,免费评估
102,贝德福德大学University of Bedfordshire,44.5,76.0,81.0,64.0,19.1,6.24,186,4.1,57,免费评估
102,格林多大学Glyndwr University,44.5,74.0,81.0,69.0,22.5,3.65,219,4.3,62,免费评估
102,利兹都会大学Leeds Metropolitan University,44.5,77.0,78.0,62.0,20.6,4.05,267,4.4,51,免费评估
105,伍斯特大学University of Worcester,44.2,78.0,81.0,64.0,21.9,4.45,265,5.7,53,免费评估
106,阿伯泰邓迪大学University of Abertay Dundee,43.2,,,,19.4,2.68,242,4.6,55,免费评估
107,坎特伯雷大学Canterbury Christ Church University,43.1,82.0,84.0,64.0,18.6,3.5,246,4.4,60,免费评估
108,曼彻斯特城市大学Manchester Metropolitan University,42.7,75.0,79.0,63.0,20.6,3.21,270,4.8,52,免费评估
109,圣马克与圣约翰学院,41.7,83.0,86.0,67.0,26.2,2.23,237,4.1,59,免费评估
109,索尔福德大学University of Salford,41.7,78.0,80.0,64.0,23.8,3.52,278,4.3,51,免费评估
111,利物浦约翰摩尔斯大学Liverpool John Moores University,40.6,77.0,77.0,61.0,20.9,4.03,258,5.7,48,免费评估
112,新白金汉大学Buckinghamshire New University,39.4,69.0,75.0,63.0,22.3,5.35,210,3.7,46,免费评估
112,南安普顿索伦特大学Southampton Solent University,39.4,76.0,79.0,67.0,21.5,3.55,262,2.4,42,免费评估
114,纽波特大学University of Wales Newport,39.1,72.0,78.0,69.0,22.5,3.77,249,3.0,51,免费评估
115,东伦敦大学University of East London,36.9,76.0,77.0,63.0,23.3,3.89,197,5.4,43,免费评估
116,波尔顿大学University of Bolton,35.7,78.0,82.0,66.0,20.4,3.16,221,3.0,40,免费评估
117,萨福克大学,35.6,71.0,80.0,67.0,25.4,,232,2.6,53,免费评估
118,西苏格兰大学University of the West of Scotland,34.5,,,,20.1,3.57,239,2.4,54,免费评估
119,伦敦城市大学City University London,29.2,67.0,72.0,53.0,19.7,3.23,216,5.0,39,免费评估
