﻿Ranking,University English Name,Country/Region,Academic Reputation,Employer Reputation,Faculty Student,International Faculty,International Students,Citations per Faculty,Overall Score,Free
1,麻省理工学院Massachusetts Institute of Technology,United States,100.0,100.0,100.0,95.5,100.0,100.0,100.0,免费评估
2,哈佛大学Harvard University,United States,100.0,98.6,99.9,76.0,100.0,98.7,100.0,免费评估
3,剑桥大学University of Cambridge,United Kingdom,100.0,100.0,96.2,96.6,93.7,98.6,100.0,免费评估
3,斯坦福大学Stanford University,United States,100.0,99.5,97.6,72.8,99.9,98.6,100.0,免费评估
5,加利福尼亚理工学院California Institute of Technology,United States,89.6,100.0,90.2,85.2,100.0,97.9,99.8,免费评估
6,牛津大学University of Oxford,United Kingdom,100.0,100.0,97.8,96.6,88.9,97.7,100.0,免费评估
7,伦敦大学学院University College London,United Kingdom,99.8,98.6,95.5,99.9,88.0,97.2,99.9,免费评估
8,帝国理工学院Imperial College London,United Kingdom,100.0,99.9,100.0,100.0,79.6,96.1,99.9,免费评估
9,ETH Zurich - Swiss Federal Institute of Technology,Switzerland,99.0,78.6,100.0,98.0,98.8,95.5,99.9,免费评估
10,芝加哥大学The University of Chicago,United States,96.3,93.8,73.4,81.6,91.5,94.6,99.9,免费评估
11,普林斯顿大学Princeton University,United States,98.5,92.9,47.2,68.2,100.0,94.4,100.0,免费评估
12,National University of Singapore (NUS),Singapore,100.0,92.9,100.0,92.5,78.9,94.2,100.0,免费评估
13,"Nanyang Technological University, Singapore (NTU)",Singapore,97.5,94.2,100.0,94.0,86.5,93.9,95.3,免费评估
14,EPFL (Ecole Polytechnique Fédérale de Lausanne),Switzerland,93.6,93.6,100.0,100.0,99.3,93.8,89.1,免费评估
15,耶鲁大学Yale University,United States,100.0,100.0,89.9,65.5,71.3,92.2,100.0,免费评估
16,约翰霍普金斯大学Johns Hopkins University,United States,74.0,100.0,96.6,71.2,84.9,91.9,97.2,免费评估
17,康奈尔大学Cornell University,United States,96.7,73.9,90.2,66.0,97.1,91.8,99.9,免费评估
18,宾夕法尼亚大学University of Pennsylvania,United States,97.4,100.0,52.9,66.6,80.5,91.5,98.8,免费评估
19,伦敦国王学院King's College London,United Kingdom,95.9,89.9,95.4,98.2,77.5,91.0,95.2,免费评估
19,澳大利亚国立大学The Australian National University,Australia,94.4,68.9,100.0,96.7,89.4,91.0,99.6,免费评估
21,爱丁堡大学The University of Edinburgh,United Kingdom,98.0,85.3,93.1,97.9,71.5,90.8,99.7,免费评估
22,哥伦比亚大学Columbia University,United States,99.4,100.0,33.0,89.8,67.0,89.7,100.0,免费评估
23,"Ecole normale supérieure, Paris",France,78.9,91.9,55.6,82.6,100.0,89.2,89.6,免费评估
24,麦吉尔大学McGill University,Canada,94.7,80.8,88.3,92.3,70.4,88.6,99.1,免费评估
25,Tsinghua University,China,99.5,87.5,47.8,36.1,84.2,88.5,99.6,免费评估
26,"University of California, Berkeley (UCB)",United States,99.9,46.9,96.8,79.3,99.9,88.4,100.0,免费评估
27,"University of California, Los Angeles (UCLA)",United States,99.7,74.2,57.4,49.0,89.6,88.2,100.0,免费评估
28,The Hong Kong University of Science and Technology,Hong Kong,91.8,65.8,100.0,97.0,89.4,88.0,94.3,免费评估
29,杜克大学Duke University,United States,84.6,99.8,,57.4,85.4,87.9,96.4,免费评估
30,The University of Hong Kong,Hong Kong,97.4,84.5,100.0,98.6,56.3,87.8,99.5,免费评估
30,"密歇根大学安娜堡分校University of Michigan,Ann Arbor",United States,91.4,81.3,65.4,42.2,84.5,87.8,99.9,免费评估
32,西北大学Northwestern University,United States,81.1,92.3,,51.7,96.4,87.7,94.0,免费评估
33,曼彻斯特大学The University of Manchester,United Kingdom,99.9,79.4,83.9,97.1,61.9,87.2,99.3,免费评估
34,多伦多大学University of Toronto,Canada,95.6,82.6,97.1,90.3,57.3,87.1,99.9,免费评估
35,伦敦政治经济学院The London School of Economics and Political Science,United Kingdom,100.0,65.0,100.0,100.0,77.6,86.2,93.8,免费评估
36,Seoul National University,South Korea,96.6,84.2,30.2,,79.0,85.3,99.2,免费评估
37,布里斯托大学University of Bristol,United Kingdom,98.2,79.7,86.1,81.2,69.0,85.0,92.1,免费评估
38,Kyoto University,Japan,96.6,94.1,,,71.5,84.9,99.9,免费评估
39,The University of Tokyo,Japan,99.9,96.3,,,64.9,84.8,100.0,免费评估
40,Ecole Polytechnique,France,99.6,99.2,96.2,88.5,75.7,83.8,73.5,免费评估
41,Peking University,China,99.8,73.0,50.5,45.2,70.8,83.7,99.9,免费评估
42,墨尔本大学The University of Melbourne,Australia,99.8,,80.1,97.9,80.9,83.1,99.8,免费评估
43,KAIST - Korea Advanced Institute of Science & Technology,South Korea,86.6,78.5,,,100.0,82.6,89.4,免费评估
44,"University of California, San Diego (UCSD)",United States,71.3,66.8,31.3,42.4,94.5,82.5,98.0,免费评估
45,悉尼大学The University of Sydney,Australia,99.4,,99.4,89.8,72.7,81.9,99.5,免费评估
46,新南威尔士大学The University of New South Wales,Australia,99.6,,100.0,92.7,80.0,81.8,96.9,免费评估
46,昆士兰大学The University of Queensland,Australia,91.3,41.9,99.6,82.4,84.0,81.8,95.6,免费评估
48,华威大学The University of Warwick,United Kingdom,99.7,62.4,93.5,98.1,66.3,81.6,90.4,免费评估
49,布朗大学Brown University,United States,71.2,81.7,49.4,66.2,96.6,81.5,81.9,免费评估
50,英属哥伦比亚大学University of British Columbia,Canada,95.8,47.0,85.4,63.2,73.7,81.2,99.6,免费评估
51,The Chinese University of Hong Kong,Hong Kong,85.6,69.3,97.8,63.7,61.2,81.1,95.4,免费评估
51,Fudan University,China,96.9,61.3,52.2,49.4,81.0,81.1,94.1,免费评估
53,New York University (NYU),United States,97.8,94.8,,82.3,,80.5,98.8,免费评估
54,威斯康星大学-麦迪逊分校University of Wisconsin-Madison,United States,62.1,85.7,51.6,36.1,66.9,80.3,97.4,免费评估
55,University of Amsterdam,Netherlands,88.1,54.3,70.0,37.8,84.4,80.2,95.1,免费评估
56,Tokyo Institute of Technology,Japan,84.5,87.2,,,80.4,79.4,86.2,免费评估
57,City University of Hong Kong,Hong Kong,50.7,81.9,100.0,95.4,93.4,79.2,72.7,免费评估
58,Osaka University,Japan,80.9,86.8,,,69.2,78.3,92.5,免费评估
59,伊利诺伊大学香槟分校University of Illinois at Urbana-Champaign,United States,75.8,,62.1,70.0,98.2,77.5,97.7,免费评估
60,Technische Universität München,Germany,98.3,90.3,53.0,65.2,,77.3,90.4,免费评估
61,杜伦大学Durham University,United Kingdom,98.4,48.7,91.7,88.1,90.6,77.0,75.4,免费评估
62,卡内基梅隆大学Carnegie Mellon University,United States,83.9,,,99.3,99.9,76.8,88.1,免费评估
62,格拉斯哥大学University of Glasgow,United Kingdom,68.3,64.4,86.9,94.4,64.4,76.8,87.5,免费评估
64,Delft University of Technology,Netherlands,89.4,,93.2,71.2,96.1,76.5,83.9,免费评估
65,University of Washington,United States,55.8,54.1,,43.8,94.5,76.3,95.5,免费评估
66,Ruprecht-Karls-Universitaet Heidelberg,Germany,80.5,77.6,49.5,59.6,43.3,76.1,95.5,免费评估
67,蒙纳什大学Monash University,Australia,96.9,,98.4,93.7,67.1,76.0,94.5,免费评估
68,圣安德鲁斯大学University of St Andrews,United Kingdom,68.2,79.0,96.6,99.9,84.5,75.9,65.9,免费评估
69,University of Copenhagen,Denmark,77.7,99.9,82.0,37.8,,75.7,89.1,免费评估
70,诺丁汉大学University of Nottingham,United Kingdom,96.7,61.1,87.3,87.6,61.9,75.4,80.6,免费评估
70,Lund University,Sweden,84.2,58.1,83.5,72.7,58.1,75.4,89.3,免费评估
70,National Taiwan University (NTU),Taiwan,75.0,46.1,,,85.9,75.4,98.0,免费评估
70,Shanghai Jiao Tong University,China,95.9,47.3,60.8,,83.8,75.4,88.8,免费评估
74,Tohoku University,Japan,72.1,97.1,,,61.4,75.2,86.0,免费评估
75,Ludwig-Maximilians-Universität München,Germany,91.6,49.8,57.1,39.9,56.8,74.7,98.1,免费评估
76,伯明翰大学University of Birmingham,United Kingdom,94.9,60.4,85.1,83.4,57.6,74.6,82.4,免费评估
77,University of Texas at Austin,United States,85.8,,,,97.5,74.5,98.5,免费评估
78,Trinity College Dublin,Ireland,73.8,60.7,95.8,84.6,63.0,74.3,82.5,免费评估
79,"University of North Carolina, Chapel Hill",United States,45.7,81.7,38.1,,79.9,73.7,84.1,免费评估
80,谢菲尔德大学The University of Sheffield,United Kingdom,79.7,66.3,81.5,95.0,59.0,73.6,79.0,免费评估
81,南安普顿大学University of Southampton,United Kingdom,64.0,76.6,89.2,92.3,63.5,72.8,72.9,免费评估
82,奥克兰大学The University of Auckland,New Zealand,93.6,,85.2,88.4,58.5,72.4,92.7,免费评估
82,KU Leuven,Belgium,76.4,,80.0,41.6,92.6,72.4,92.4,免费评估
84,佐治亚理工学院Georgia Institute of Technology,United States,78.2,44.5,,86.9,89.9,72.3,81.8,免费评估
85,University of Zurich,Switzerland,72.7,90.8,100.0,62.6,,72.2,78.1,免费评估
85,"University of California, Davis",United States,62.0,,65.7,46.9,93.9,72.2,85.8,免费评估
87,利兹大学University of Leeds,United Kingdom,90.7,57.9,75.8,73.7,55.2,72.0,81.7,免费评估
87,Pohang University of Science And Technology (POSTECH),South Korea,64.9,99.6,49.7,,100.0,72.0,56.1,免费评估
89,University of Geneva,Switzerland,,62.3,100.0,99.0,86.5,71.2,69.8,免费评估
89,Purdue University,United States,77.2,,94.1,78.1,73.3,71.2,81.0,免费评估
91,波士顿大学Boston University,United States,85.6,62.5,,73.7,71.2,71.1,78.5,免费评估
92,KTH Royal Institute of Technology,Sweden,88.0,67.7,86.1,46.2,80.9,70.9,64.1,免费评估
93,"KIT, Karlsruhe Institute of Technology",Germany,96.2,84.7,57.1,48.6,65.8,70.8,64.0,免费评估
94,Utrecht University,Netherlands,69.0,47.1,59.4,,84.5,70.7,83.7,免费评估
95,Leiden University,Netherlands,55.2,43.6,66.7,,83.2,70.3,87.1,免费评估
96,阿尔伯塔大学University of Alberta,Canada,68.7,56.7,90.3,82.9,56.5,70.1,79.5,免费评估
96,University of Helsinki,Finland,64.7,94.6,59.9,,36.8,70.1,83.7,免费评估
98,西澳大学The University of Western Australia,Australia,70.3,,99.7,65.6,76.1,69.4,79.3,免费评估
99,俄亥俄州立大学Ohio State University,United States,57.4,71.9,80.4,55.2,47.0,69.3,82.0,免费评估
100,University of Groningen,Netherlands,58.5,81.1,93.4,94.2,48.0,68.8,69.1,免费评估
101,宾州州立大学Pennsylvania State University,United States,73.3,,,45.5,86.1,68.7,85.7,免费评估
102,Uppsala University,Sweden,65.6,47.0,,75.8,64.2,68.4,85.7,免费评估
103,约克大学The University of York,United Kingdom,70.1,51.5,87.1,81.1,76.6,68.3,67.7,免费评估
104,Korea University,South Korea,84.6,83.2,,39.2,42.6,68.2,78.4,免费评估
105,Yonsei University,South Korea,86.6,83.8,,,40.3,67.9,79.4,免费评估
106,莱斯大学Rice University,United States,,84.2,86.1,87.1,99.7,67.8,50.5,免费评估
107,Aarhus University,Denmark,63.8,43.3,71.0,47.1,81.7,67.4,74.9,免费评估
108,Lomonosov Moscow State University,Russia,82.1,99.6,,56.1,,67.2,84.2,免费评估
109,伦敦大学玛丽女王学院Queen Mary University of London,United Kingdom,57.4,72.4,96.6,99.3,57.5,67.0,63.4,免费评估
110,圣路易斯华盛顿大学Washington University in St Louis,United States,,99.9,,58.7,76.7,66.9,60.4,免费评估
110,Zhejiang University,China,80.1,,,,90.3,66.9,80.2,免费评估
112,Technical University of Denmark,Denmark,52.9,95.4,97.1,74.8,80.2,66.8,44.1,免费评估
113,阿德莱德大学The University of Adelaide,Australia,76.5,42.2,93.5,98.6,53.9,66.7,75.2,免费评估
113,University of Science and Technology of China,China,48.7,62.8,,,97.9,66.7,72.1,免费评估
115,Université de Montréal,Canada,75.6,,85.0,80.1,62.0,66.6,79.5,免费评估
116,The Hong Kong Polytechnic University,Hong Kong,59.6,47.0,99.3,82.0,70.5,66.3,69.1,免费评估
117,Eindhoven University of Technology,Netherlands,57.3,99.4,100.0,,69.6,66.2,50.5,免费评估
118,Sungkyunkwan University (SKKU),South Korea,99.4,86.9,,,43.5,66.1,68.9,免费评估
119,Freie Universitaet Berlin,Germany,62.7,,60.1,54.6,61.3,65.7,93.3,免费评估
120,Nagoya University,Japan,58.0,93.7,,,45.7,65.6,73.7,免费评估
121,兰卡斯特大学Lancaster University,United Kingdom,69.2,45.1,91.4,95.8,82.3,65.5,59.1,免费评估
122,卡迪夫大学Cardiff University,United Kingdom,73.3,66.8,71.7,85.7,53.8,65.0,63.8,免费评估
123,"明尼苏达大学双城校区University of Minnesota,Twin Cities",United States,46.3,,,37.6,97.4,64.9,84.1,免费评估
124,Universidad de Buenos Aires (UBA),Argentina,98.9,61.4,30.4,38.0,,64.6,95.7,免费评估
124,Ghent University,Belgium,54.9,90.3,55.8,,40.9,64.6,71.5,免费评估
126,Erasmus University Rotterdam,Netherlands,90.4,65.7,69.2,65.3,67.1,64.5,55.1,免费评估
126,Humboldt-Universität zu Berlin,Germany,76.6,,55.4,42.8,41.7,64.5,96.6,免费评估
126,"University of Maryland, College Park",United States,,63.3,31.2,37.0,82.3,64.5,70.0,免费评估
129,"University of California, Santa Barbara (UCSB)",United States,,,62.7,44.7,100.0,64.3,84.4,免费评估
130,南加州大学University of Southern California,United States,65.1,42.9,34.8,74.1,76.7,64.2,70.4,免费评估
130,Nanjing University,China,63.6,,38.7,,86.5,64.2,76.7,免费评估
132,Chalmers University of Technology,Sweden,86.5,71.9,78.7,44.6,76.3,64.0,48.6,免费评估
133,Albert-Ludwigs-Universitaet Freiburg,Germany,,59.3,58.3,45.4,64.7,63.5,74.1,免费评估
133,匹兹堡大学University of Pittsburgh-Pittsburgh Campus,United States,,93.8,64.6,,67.6,63.5,58.2,免费评估
135,Wageningen University,Netherlands,40.0,99.9,42.8,86.5,52.9,63.4,55.6,免费评估
135,University of Oslo,Norway,45.4,61.3,67.0,45.4,61.1,63.4,71.5,免费评估
137,阿伯丁大学University of Aberdeen,United Kingdom,63.3,65.3,93.4,94.4,64.1,63.2,53.6,免费评估
137,Université Pierre et Marie Curie (UPMC),France,52.3,,36.4,53.2,89.4,63.2,72.3,免费评估
139,University of Basel,Switzerland,48.3,,100.0,85.1,96.6,63.1,54.5,免费评估
139,Aalto University,Finland,58.5,92.6,75.6,38.7,63.5,63.1,50.5,免费评估
139,Hokkaido University,Japan,64.7,85.8,,,48.4,63.1,69.8,免费评估
142,Kyushu University,Japan,66.4,98.8,,,,62.7,69.3,免费评估
143,University of Lausanne,Switzerland,55.0,95.2,97.6,77.9,38.5,62.4,53.2,免费评估
143,Universidade de São Paulo,Brazil,94.6,,,,,62.4,95.3,免费评估
145,RWTH Aachen University,Germany,97.6,,31.4,50.7,53.0,62.2,78.5,免费评估
146,Universiti Malaya (UM),Malaysia,56.8,94.1,80.6,77.3,,62.1,62.0,免费评估
147,Indian Institute of Science (IISc) Bangalore,India,39.7,84.4,,,99.3,62.0,52.5,免费评估
148,The Hebrew University of Jerusalem,Israel,,82.5,52.0,,59.4,61.8,66.9,免费评估
149,Université Catholique de Louvain (UCL),Belgium,72.4,55.2,78.9,65.4,,61.5,76.5,免费评估
149,麦克马斯特大学McMaster University,Canada,60.2,64.6,91.5,50.6,53.3,61.5,61.7,免费评估
151,利物浦大学The University of Liverpool,United Kingdom,69.5,66.8,76.9,95.1,50.1,61.1,55.1,免费评估
152,滑铁卢大学University of Waterloo,Canada,79.4,,78.3,75.7,88.6,60.9,61.0,免费评估
153,University of Vienna,Austria,57.9,,94.8,93.4,,60.8,82.5,免费评估
154,University College Dublin,Ireland,72.4,,90.9,63.7,63.1,60.5,62.2,免费评估
155,National Tsing Hua University,Taiwan,49.0,,39.1,,99.8,60.2,65.2,免费评估
156,Ecole Centrale de Paris,France,100.0,86.7,,94.9,74.3,60.1,,免费评估
156,雷丁大学University of Reading,United Kingdom,68.2,51.5,86.6,89.7,67.7,60.1,51.1,免费评估
158,达特茅斯学院Dartmouth College,United States,65.3,86.4,,51.6,83.8,60.0,41.1,免费评估
159,巴斯大学University of Bath,United Kingdom,89.0,,90.5,90.4,68.3,59.8,51.3,免费评估
159,德克萨斯A&M大学Texas A & M University,United States,68.3,,,,89.8,59.7,76.3,免费评估
160,Universidad Nacional Autónoma de México (UNAM),Mexico,92.5,49.4,,,,59.6,95.9,免费评估
161,埃克塞特大学University of Exeter,United Kingdom,76.7,44.3,85.2,87.1,66.9,59.5,52.0,免费评估
162,纽卡斯尔大学Newcastle University,United Kingdom,73.2,61.8,83.4,88.6,55.8,59.4,49.6,免费评估
163,"University of California, Irvine",United States,40.9,,52.8,69.9,95.7,59.2,63.3,免费评估
164,密歇根州立大学Michigan State University,United States,59.5,,61.5,55.6,70.8,58.9,69.8,免费评估
165,埃默里大学Emory University,United States,,85.1,45.0,45.2,89.6,58.8,41.8,免费评估
166,University of Bern,Switzerland,45.4,46.3,99.4,43.5,99.9,58.6,43.8,免费评估
166,University of Barcelona,Spain,74.1,,,,38.8,58.6,86.9,免费评估
168,Georg-August-University Goettingen,Germany,,74.9,44.5,37.9,,58.5,74.2,免费评估
169,Maastricht University,Netherlands,68.8,71.5,94.8,99.9,60.6,58.2,37.5,免费评估
170,Pontificia Universidad Católica de Chile (UC),Chile,98.3,,,,,58.1,90.7,免费评估
171,University of Cape Town,South Africa,60.6,,70.1,52.5,53.3,57.8,68.9,免费评估
172,"弗吉尼亚大学University of Virginia,Main Campus",United States,49.7,70.9,53.4,35.9,62.6,57.7,53.7,免费评估
173,奥塔哥大学University of Otago,New Zealand,53.8,,100.0,66.0,60.4,57.0,62.7,免费评估
173,Eberhard Karls Universität Tübingen,Germany,51.4,82.4,47.2,,,57.0,64.5,免费评估
175,科罗拉多大学波尔得分校University of Colorado Boulder,United States,51.6,70.1,40.2,,61.5,56.9,56.0,免费评估
176,Vrije Universiteit Amsterdam,Netherlands,66.8,,44.3,,66.1,56.8,64.3,免费评估
177,Radboud University Radboud University,Netherlands,42.2,60.0,52.2,38.8,85.1,56.7,47.0,免费评估
178,Technische Universität Berlin,Germany,82.3,,39.2,56.9,,56.6,70.5,免费评估
179,Indian Institute of Technology Delhi (IITD),India,81.6,,,,96.2,56.4,55.3,免费评估
180,佛罗里达大学University of Florida,United States,44.6,68.2,,,48.3,56.1,65.3,免费评估
181,University of Bergen,Norway,,86.4,78.9,,59.0,55.9,47.3,免费评估
182,英国女王大学Queen's University Belfast,United Kingdom,56.6,52.4,97.8,94.0,50.1,55.8,49.9,免费评估
182,National Chiao Tung University,Taiwan,,64.9,49.0,63.1,96.5,55.8,37.5,免费评估
182,Stockholm University,Sweden,50.8,,,,53.3,55.8,76.9,免费评估
185,"University of Illinois, Chicago (UIC)",United States,46.7,47.5,61.3,57.7,59.5,55.7,59.0,免费评估
186,Universidad Autonoma de Madrid,Spain,68.6,51.3,,,37.8,55.5,72.5,免费评估
187,萨塞克斯大学University of Sussex,United Kingdom,,,100.0,96.9,77.0,55.6,48.4,免费评估
187,Politecnico di Milano,Italy,89.8,,38.2,48.5,66.7,55.2,64.7,免费评估
188,University of Twente,Netherlands,39.6,44.3,81.1,73.4,97.5,55.1,37.4,免费评估
188,École Normale Supérieure de Lyon,France,,100.0,53.9,38.4,,55.1,58.3,免费评估
190,University of Rochester,United States,,99.9,35.9,77.8,59.3,54.8,38.9,免费评估
190,Universitat Autònoma de Barcelona,Spain,47.5,,,,50.3,54.8,78.0,免费评估
192,西安大略大学University of Western Ontario,Canada,62.3,,95.5,57.9,78.5,54.6,50.3,免费评估
193,Hanyang University,South Korea,67.8,94.5,,53.2,,54.4,44.3,免费评估
194,Vrije Universiteit Brussel (VUB),Belgium,64.1,95.0,77.1,69.4,,54.2,41.4,免费评估
195,圣母诺特丹大学University of Notre Dame,United States,48.2,50.4,83.5,,84.1,54.1,42.2,免费评估
195,Universidade estadual de Campinas(Unicamp),Brazil,79.9,,,,43.4,54.1,75.1,免费评估
197,Vienna University of Technology,Austria,71.1,,62.3,87.4,90.8,53.9,47.2,免费评估
198,Technion - Israel Institute of Technology,Israel,42.4,,60.0,,87.5,53.8,54.2,免费评估
199,King Fahd University of Petroleum & Minerals,Saudi Arabia,51.7,83.9,100.0,73.9,39.4,53.5,37.2,免费评估
202,Indian Institute of Technology Bombay (IITB),India,87.5,,,,65.6,52.8,62.3,免费评估
203,Tel Aviv University,Israel,47.9,,34.3,,98.9,52.7,58.0,免费评估
204,卡尔加里大学Calgary University,Canada,67.6,,69.1,64.7,53.3,52.5,54.9,免费评估
204,Alma Mater Studiorum - University of Bologna,Italy,62.9,,,,,52.5,87.5,免费评估
206,女王大学Queen's University,Canada,67.5,,78.6,,75.4,52.4,53.8,免费评估
207,Universite libre de Bruxelles,Belgium,62.3,,93.8,94.9,,52.0,56.4,免费评估
208,University of Antwerp,Belgium,40.5,95.3,65.0,51.6,,51.9,43.4,免费评估
209,Universidad de Chile,Chile,92.8,,,,,51.6,84.6,免费评估
210,Rheinische Friedrich-Wilhelms-Universitt Bonn,Germany,39.4,60.3,,39.1,,51.4,67.1,免费评估
211,坎特伯雷大学University of Canterbury,New Zealand,57.8,,99.0,61.9,61.2,51.2,49.1,免费评估
212,Waseda University,Japan,85.3,,35.6,40.2,,51.1,73.3,免费评估
213,乔治城大学Georgetown University,United States,66.5,58.7,44.7,54.3,38.3,51.0,49.8,免费评估
213,Sapienza University of Rome,Italy,54.4,,,,44.9,51.0,85.7,免费评估
215,凯斯西储大学Case Western Reserve University,United States,,97.7,36.5,65.3,65.6,50.8,,免费评估
216,范德堡大学Vanderbilt University,United States,,100.0,,,43.4,50.7,46.6,免费评估
216,The University of Arizona,United States,,,,,71.9,50.7,61.0,免费评估
218,"University of Technology, Sydney",Australia,85.9,,95.6,93.2,42.3,50.5,48.6,免费评估
219,University Hamburg,Germany,55.4,,,37.0,,50.4,68.9,免费评估
219,University of Tsukuba,Japan,45.8,79.0,,,,50.4,52.1,免费评估
219,Keio University,Japan,82.3,57.5,,,,50.4,65.8,免费评估
222,Université Paris-Sorbonne (Paris IV),France,78.6,,31.2,52.0,,50.3,86.0,免费评估
223,Sciences Po Paris,France,78.3,92.6,64.1,97.2,,50.2,36.8,免费评估
224,National Cheng Kung University,Taiwan,,51.0,,,68.9,50.1,49.7,免费评估
225,西蒙弗雷泽大学Simon Fraser University,Canada,45.3,,93.5,91.7,88.2,50.0,41.6,免费评估
226,University Complutense Madrid,Spain,79.0,,,38.6,,49.7,76.9,免费评估
227,Technische Universität Dresden,Germany,67.8,,30.7,42.2,81.4,49.6,49.2,免费评估
228,拉夫堡大学Loughborough University,United Kingdom,69.0,,79.9,71.5,59.4,49.5,38.9,免费评估
229,麦考瑞大学Macquarie University,Australia,63.6,,100.0,78.3,58.8,49.4,48.4,免费评估
229,惠灵顿维多利亚大学Victoria University of Wellington,New Zealand,58.4,,100.0,66.1,54.1,49.4,51.2,免费评估
231,伦敦大学皇家霍洛威学院Royal Holloway University of London,United Kingdom,,,97.7,98.0,77.9,49.3,,免费评估
232,Beijing Normal University,China,48.7,42.2,58.6,,45.8,49.2,56.4,免费评估
233,University College Cork,Ireland,60.7,43.2,92.1,47.8,47.4,49.1,44.4,免费评估
233,University of Turku,Finland,65.3,92.5,33.8,,,49.1,41.9,免费评估
235,莱斯特大学University of Leicester,United Kingdom,40.1,64.0,80.0,97.1,50.0,48.9,32.8,免费评估
235,Université Joseph Fourier - Grenoble 1,France,,,,44.0,71.9,48.9,52.9,免费评估
237,King Saud University,Saudi Arabia,45.9,90.2,97.6,,,48.7,42.2,免费评估
238,Instituto Tecnológico y de Estudios Superiores de Monterrey,Mexico,93.2,71.5,83.3,47.7,,48.6,43.6,免费评估
239,东英吉利大学University of East Anglia,United Kingdom,,,71.3,85.6,78.9,48.4,36.7,免费评估
240,Université Paris 1 Panthéon-Sorbonne,France,90.7,,,64.5,,48.2,81.1,免费评估
241,Université de Strasbourg,France,,,42.3,54.2,37.3,48.1,72.3,免费评估
241,Université Paris-Sud,France,,66.4,37.3,48.6,46.3,48.1,46.3,免费评估
243,伍伦贡大学University of Wollongong,Australia,78.6,,99.9,69.6,63.9,48.0,,免费评估
243,Universität Frankfurt am Main,Germany,64.1,,,53.6,,48.0,64.7,免费评估
243,University of Massachusetts Amherst,United States,42.6,,,,76.9,48.0,53.7,免费评估
246,Technische Universität Darmstadt,Germany,88.1,,59.9,59.1,78.7,47.7,34.2,免费评估
247,萨里大学University of Surrey,United Kingdom,46.8,47.1,94.5,97.7,49.4,47.6,34.8,免费评估
247,University of Gothenburg,Sweden,45.0,53.4,35.8,,38.8,47.6,52.8,免费评估
249,思克莱德大学University of Strathclyde,United Kingdom,69.5,,85.9,73.8,50.1,47.5,37.4,免费评估
249,Arizona State University,United States,,,,39.9,75.1,47.5,60.3,免费评估
251,Universität Stuttgart,Germany,62.6,64.7,38.1,69.2,,47.0,44.2,免费评估
252,塔夫茨大学Tufts University,United States,,64.0,30.1,45.4,80.4,46.9,,免费评估
253,Chulalongkorn University,Thailand,59.0,,,,,46.8,76.3,免费评估
254,Norwegian University of Science And Technology,Norway,52.9,,75.9,41.1,56.9,46.6,43.4,免费评估
254,Indian Institute of Technology Madras (IITM),India,66.9,,,,82.3,46.6,41.4,免费评估
256,"The University of Newcastle, Australia (UoN)",Australia,59.3,,96.3,52.5,49.1,46.4,43.0,免费评估
256,Saint-Petersburg State University,Russia,46.7,97.0,,,,46.4,49.3,免费评估
256,Westfälische Wilhelms-Universitat Münster,Germany,69.8,54.0,,,,46.4,49.7,免费评估
259,Ben Gurion University of The Negev,Israel,,49.0,85.2,60.1,67.1,46.2,,免费评估
260,National Taiwan University of Science and Technology (Taiwan Tech),Taiwan,,74.7,,,58.2,46.1,34.8,免费评估
261,邓迪大学University of Dundee,United Kingdom,,79.4,84.2,79.6,,46.0,34.5,免费评估
261,Université Paris Diderot - Paris 7,France,,,38.4,47.2,56.6,46.0,65.8,免费评估
263,昆士兰科技大学Queensland University of Technology,Australia,71.6,,95.6,54.6,38.1,45.8,47.7,免费评估
263,印第安纳大学伯明顿主校区Indiana University Bloomington,United States,55.0,,,,,45.8,61.6,免费评估
265,Université de Liège,Belgium,,48.8,,66.0,73.5,45.5,,免费评估
265,University of Navarra,Spain,85.2,84.2,,49.6,,45.5,34.4,免费评估
265,"University of California, Riverside",United States,45.3,,89.0,36.1,87.1,45.5,,免费评估
268,American University of Beirut (AUB),Lebanon,92.9,62.7,98.9,73.7,,45.4,,免费评估
269,"Rutgers, The State University of New Jersey, New Brunswick",United States,,,,,51.3,45.2,52.7,免费评估
269,"University of California, Santa Cruz",United States,,,75.8,,93.0,45.2,40.1,免费评估
271,"National University of Ireland, Galway",Ireland,45.3,72.3,89.2,53.4,,45.0,34.4,免费评估
271,Indian Institute of Technology Kanpur (IITK),India,59.7,,,,66.5,45.0,45.4,免费评估
273,皇家墨尔本理工大学Royal Melbourne Institute of Technology University,Australia,85.3,,100.0,80.7,,44.9,44.5,免费评估
273,Wuhan University,China,45.0,,64.6,,50.6,44.9,49.9,免费评估
275,伦敦大学亚非学院SOAS University of London,United Kingdom,,52.2,100.0,100.0,,44.8,42.2,免费评估
275,Al-Farabi Kazakh National University,Kazakhstan,44.7,92.2,,,,44.8,47.6,免费评估
277,达尔豪斯大学Dalhousie University,Canada,,,99.8,63.2,72.0,44.7,37.0,免费评估
277,Nankai University,China,,43.2,,,75.2,44.7,40.0,免费评估
279,Charles University in Prague,Czech Republic,55.9,48.6,,48.1,,44.6,57.9,免费评估
280,迈阿密大学University of Miami,United States,,94.3,,49.7,41.4,44.5,,免费评估
281,Hong Kong Baptist University,Hong Kong,,52.5,98.4,90.2,55.4,44.3,,免费评估
282,Boston College,United States,55.7,,94.0,,65.5,44.2,34.7,免费评估
283,Universidad de los Andes,Colombia,87.7,,34.8,,,43.9,65.5,免费评估
284,科廷大学Curtin University,Australia,54.3,,100.0,72.7,39.5,43.8,38.9,免费评估
284,渥太华大学University of Ottawa,Canada,,,75.3,49.2,63.2,43.8,46.7,免费评估
286,Linköping University,Sweden,60.6,72.8,37.2,,,43.7,,免费评估
286,"Indian Institute of Technology, Kharagpur",India,61.7,,,,91.3,43.7,37.2,免费评估
288,南澳大学University of South Australia,Australia,57.9,,100.0,61.0,42.6,43.6,34.0,免费评估
289,Universiti Sains Malaysia (USM),Malaysia,41.1,44.3,,,,43.4,50.2,免费评估
290,"伦敦大学伯克贝克学院Birkbeck, University Of London",United Kingdom,,,93.4,97.8,76.0,43.1,,免费评估
290,Universidad Nacional de Colombia,Colombia,92.1,,,,,43.1,71.2,免费评估
291,Harbin Institute of Technology,China,,49.4,,,78.3,43.0,,免费评估
292,Friedrich-Alexander-Universität Erlangen-Nürnberg,Germany,39.3,,30.6,,98.5,42.9,38.4,免费评估
293,Ecole Normale Supérieure de Cachan,France,,91.7,,,43.8,42.8,,免费评估
293,Tilburg University,Netherlands,53.9,,78.3,,72.5,42.8,,免费评估
295,Universität Innsbruck,Austria,39.7,,95.2,98.6,,42.6,43.5,免费评估
295,Universitat Pompeu Fabra,Spain,,,80.7,39.8,51.4,42.6,42.4,免费评估
295,Kyung Hee University,South Korea,60.3,72.6,,39.6,,42.6,34.0,免费评估
295,Mahidol University,Thailand,,85.0,,,,42.6,49.1,免费评估
299,Universitat Politècnica de Catalunya,Spain,42.9,62.1,,,,42.5,43.0,免费评估
301,伦敦城市大学City University London,United Kingdom,79.4,,92.9,100.0,37.9,42.4,,免费评估
302,Stellenbosch University,South Africa,,,57.0,,81.5,42.3,39.9,免费评估
303,埃塞克斯大学University of Essex,United Kingdom,,,98.4,99.7,55.0,41.9,,免费评估
303,King Abdulaziz University (KAU),Saudi Arabia,,70.3,96.7,69.9,,41.9,34.4,免费评估
303,Universiti Teknologi Malaysia,Malaysia,,77.9,74.0,66.4,,41.9,32.8,免费评估
306,University of Milan,Italy,43.1,,,,39.2,41.8,61.7,免费评估
307,Sun Yat-sen University,China,42.2,,43.0,,58.2,41.7,45.3,免费评估
308,University of Porto,Portugal,39.9,,,,61.9,41.6,49.3,免费评估
309,北卡罗来纳州立大学North Carolina State University at Raleigh,United States,,,33.8,41.6,65.3,41.4,36.1,免费评估
309,Universidad Austral,Argentina,65.4,92.9,,,,41.4,36.5,免费评估
309,Università di Padova,Italy,,,,,,41.4,64.3,免费评估
312,爱荷华大学University of Iowa,United States,,52.4,,39.5,51.3,41.3,40.4,免费评估
312,Universiti Kebangsaan Malaysia (UKM),Malaysia,,50.1,72.9,,,41.3,49.0,免费评估
314,École des Ponts ParisTech,France,74.5,93.6,,96.2,,41.1,,免费评估
314,Politecnico di Torino,Italy,64.1,,,53.7,77.2,41.1,38.8,免费评估
314,Universidad Carlos III de Madrid (UC3M),Spain,63.7,62.0,36.6,,,41.1,41.8,免费评估
317,Novosibirsk State University,Russia,43.6,89.0,,45.6,,41.0,35.1,免费评估
318,赫瑞瓦特大学Heriot Watt University,United Kingdom,63.0,,96.7,99.9,45.2,40.5,,免费评估
319,维多利亚大学University of Victoria,Canada,,,84.4,44.3,81.1,40.4,,免费评估
319,Universität Konstanz,Germany,,45.2,59.2,,,40.4,42.9,免费评估
319,University of Jyväskylä,Finland,,88.7,40.5,,,40.4,,免费评估
319,Umea University,Sweden,,84.0,35.1,,,40.4,,免费评估
323,Universidade Federal do Rio de Janeiro,Brazil,,,,,,40.3,65.6,免费评估
324,牛津布鲁克斯大学Oxford Brookes University,United Kingdom,81.4,,65.8,83.6,,40.1,39.3,免费评估
324,迪肯大学Deakin University,Australia,54.5,,98.2,55.6,40.5,40.1,41.2,免费评估
324,Laval University,Canada,39.9,,67.7,38.9,38.9,40.1,37.6,免费评估
327,George Washington University,United States,50.8,,,49.5,,40.0,41.5,免费评估
327,University of Hawai'i at Mañoa,United States,,67.6,64.6,,46.3,40.0,,免费评估
329,University of St.Gallen (HSG),Switzerland,95.2,,100.0,96.0,65.2,39.9,,免费评估
329,格里菲斯大学Griffith University,Australia,47.9,,96.7,69.2,42.1,39.9,34.8,免费评估
331,布鲁内尔大学Brunel University,United Kingdom,40.6,,95.5,98.9,56.2,39.7,,免费评估
331,Universiti Putra Malaysia (UPM),Malaysia,,48.1,44.5,57.2,,39.7,43.5,免费评估
331,University of Cologne,Germany,67.5,,,,,39.7,52.3,免费评估
331,University of the Witwatersrand,South Africa,43.3,,88.7,,36.9,39.7,41.6,免费评估
331,Xi’an Jiaotong University,China,46.0,56.9,,,45.1,39.7,33.1,免费评估
337,梅西大学Massey University,New Zealand,41.2,,95.1,48.3,,39.4,38.7,免费评估
338,怀卡托大学The university of Waikato,New Zealand,49.6,,96.4,77.8,53.6,39.2,,免费评估
338,University at Buffalo SUNY,United States,,,70.0,72.7,78.5,39.2,,免费评估
338,Bauman Moscow State Technical University,Russia,65.5,99.8,,,,39.2,,免费评估
338,University Ulm,Germany,,79.5,48.4,,59.3,39.2,,免费评估
338,弗吉尼亚理工大学Virginia Polytechnic Institute and State University,United States,42.0,,,,48.5,39.2,38.7,免费评估
338,National Yang Ming University,Taiwan,,99.4,,,45.8,39.2,,免费评估
344,University of Warsaw,Poland,64.4,,,,,39.0,50.9,免费评估
345,Tongji University,China,46.6,,48.9,,45.2,38.9,37.2,免费评估
345,The American University in Cairo,Egypt,77.4,49.2,93.0,,,38.9,36.8,免费评估
346,阿斯顿大学Aston University,United Kingdom,53.5,,93.3,93.0,51.0,38.8,,免费评估
347,University of Eastern Finland,Finland,,77.5,46.0,,,38.8,,免费评估
348,Rensselaer Polytechnic Institute,United States,,,,49.2,98.1,38.5,,免费评估
348,Hiroshima University,Japan,,88.1,,,,38.5,33.8,免费评估
350,Pontificia Universidad Católica Argentina Santa María de los Buenos Aires - UCA,Argentina,86.2,69.0,,,,38.4,35.5,免费评估
351,Universität Bremen,Germany,,53.7,42.6,,,38.2,39.5,免费评估
351,Universidade Nova de Lisboa,Portugal,51.7,48.0,39.5,,,38.2,35.7,免费评估
353,Dublin City University,Ireland,49.0,48.1,84.5,58.8,,38.1,,免费评估
354,Ewha Womans University,South Korea,,78.5,,,,38.0,,免费评估
355,Iowa State University,United States,,,,,71.0,37.9,36.4,免费评估
356,Aalborg University,Denmark,57.6,,69.4,48.7,,37.8,33.5,免费评估
356,Tampere University of Technology,Finland,,89.2,72.7,,,37.8,,免费评估
358,University of Oulu,Finland,,61.4,42.4,,43.1,37.7,,免费评估
358,University of Indonesia,Indonesia,61.3,43.6,38.7,,,37.7,50.5,免费评估
360,肯特大学University of Kent,United Kingdom,,,94.8,89.1,,37.6,,免费评估
361,University of Southern Denmark,Denmark,,47.0,73.5,54.6,,37.5,,免费评估
361,Aix-Marseille University,France,,,,44.8,,37.5,58.3,免费评估
361,Washington State University,United States,,,67.1,,40.6,37.5,39.1,免费评估
361,Kobe University,Japan,,65.2,,,,37.5,38.4,免费评估
365,东北大学Northeastern University,United States,49.0,,35.7,88.7,47.1,37.4,,免费评估
366,Leibniz Universität Hannover,Germany,41.1,,,,91.8,37.2,,免费评估
367,University of Coimbra,Portugal,,,,,37.2,37.1,44.0,免费评估
367,University of Pisa,Italy,,,,,,37.1,59.4,免费评估
369,Université Paris Dauphine,France,80.0,,43.3,86.0,,36.9,35.6,免费评估
369,University of Utah,United States,,45.0,,,68.5,36.9,,免费评估
371,L.N. Gumilyov Eurasian National University L.N. Gumilyov Eurasian National University,Kazakhstan,,99.9,,,,36.8,,免费评估
372,"Stony Brook University, State University of New York",United States,,50.5,,84.6,49.4,36.7,,免费评估
373,林肯大学Lincoln University,New Zealand,,70.6,81.7,88.3,38.9,36.6,,免费评估
373,美利坚大学American University,United States,70.0,43.3,,38.3,,36.6,34.9,免费评估
375,Johannes Gutenberg Universität Mainz,Germany,,49.2,37.3,,,36.5,36.4,免费评估
376,National Taiwan Normal University,Taiwan,,53.3,,56.5,,36.4,40.5,免费评估
376,Université de Montpellier,France,,,,40.1,45.1,36.4,45.2,免费评估
376,National Technical University of Athens,Greece,64.4,,,,59.0,36.4,33.0,免费评估
379,塔斯马尼亚大学University of Tasmania,Australia,,,85.1,79.0,42.5,36.2,,免费评估
379,National Sun Yat-sen University,Taiwan,,,,,69.4,36.2,32.7,免费评估
381,Brandeis University,United States,40.6,,,75.7,63.4,36.1,,免费评估
381,Universität Jena,Germany,,70.1,,,,36.1,,免费评估
381,Beihang University (former BUAA),China,,51.8,,,58.5,36.1,,免费评估
384,斯特林大学University of Stirling,United Kingdom,,,71.5,67.8,62.2,36.0,,免费评估
384,Universität Leipzig,Germany,,,,,63.1,36.0,41.0,免费评估
384,Yeshiva University,United States,,97.8,,,64.3,36.0,,免费评估
387,Institut National des Sciences Appliquées de Lyon (INSA),France,68.7,59.5,41.0,84.1,,35.9,,免费评估
387,Université Paris Descartes,France,,,,46.6,45.1,35.9,37.8,免费评估
387,詹姆斯·库克大学James Cook University,Australia,,,91.4,45.5,48.7,35.9,,免费评估
390,University of Connecticut,United States,,,84.4,,66.3,35.8,,免费评估
391,Tokyo Medical and Dental University (TMDU),Japan,,100.0,,,,35.7,,免费评估
391,Indian Institute of Technology Roorkee (IITR),India,,,,,91.6,35.7,,免费评估
393,University of Kansas,United States,,76.4,,,,35.6,,免费评估
394,拉筹伯大学La Trobe University,Australia,41.0,,93.7,92.1,,35.5,,免费评估
394,Universität Mannheim,Germany,88.5,,32.6,50.8,,35.5,,免费评估
394,Bilkent University,Turkey,44.5,,59.2,,37.4,35.5,34.7,免费评估
397,Moscow State Institute of International Relations (MGIMO University),Russia,47.9,97.6,,43.2,,35.1,,免费评估
397,Université Paul Sabatier Toulouse III,France,,61.9,,,,35.1,42.3,免费评估
397,National Central University,Taiwan,,43.1,,,54.8,35.1,,免费评估
400,斯旺西大学Swansea University,United Kingdom,,46.4,63.9,71.3,41.9,35.0,,免费评估
400,University of Tartu,Estonia,,67.5,,,,35.0,,免费评估
