﻿Ranking,University English Name,Country/Region,Academic Reputation,Employer Reputation,Faculty Student,International Faculty,International Students,Citations per Faculty,Overall Score,Free
1,麻省理工学院Massachusetts Institute of Technology,United States,100,100,100,100,96.6,99.9,100.0,免费评估
2,斯坦福大学Stanford University,United States,100,100,100,99.7,74,99.7,98.7,免费评估
3,哈佛大学Harvard University,United States,100,100,98.5,100,70.4,100,98.3,免费评估
4,剑桥大学University of Cambridge,United Kingdom,100,100,100,97.6,97.8,86.5,97.2,免费评估
5,加利福尼亚理工学院California Institute of Technology,United States,99.4,80.7,100,91.2,87.7,100,96.9,免费评估
6,牛津大学University of Oxford,United Kingdom,100,100,100,98.7,98.2,83.6,96.8,免费评估
7,伦敦大学学院University College London,United Kingdom,99.8,99.3,98.7,99.1,100,79.1,95.6,免费评估
8,ETH Zurich - Swiss Federal Institute of Technology,Switzerland,99.6,98.9,73.3,100,98.8,98.3,94.2,免费评估
9,帝国理工学院Imperial College London,United Kingdom,99.6,100,100,100,100,69.8,94.1,免费评估
10,芝加哥大学The University of Chicago,United States,99.9,94.1,95.4,66.5,70.5,88.7,93.0,免费评估
11,普林斯顿大学Princeton University,United States,100,97.9,81.8,65.3,68.7,100,92.8,免费评估
12,National University of Singapore (NUS),Singapore,100,100,88.1,100,90.8,70.9,91.5,免费评估
13,"Nanyang Technological University, Singapore (NTU)",Singapore,91.6,94.1,94,100,93.9,83.6,91.4,免费评估
14,Ecole Polytechnique Fédérale de Lausanne (EPFL),Switzerland,82.1,93.5,93.9,100,100,99.1,91.1,免费评估
15,耶鲁大学Yale University,United States,100,99.9,100,91.1,65,65.2,90.9,免费评估
16,康奈尔大学Cornell University,United States,99.6,94,68.9,91.6,66,95.9,90.1,免费评估
17,约翰霍普金斯大学Johns Hopkins University,United States,94.8,64.7,100,98.1,69.7,81.8,89.3,免费评估
18,宾夕法尼亚大学University of Pennsylvania,United States,97.4,96.5,100,51.1,64.2,72.9,89.0,免费评估
19,爱丁堡大学The University of Edinburgh,United Kingdom,99.2,95,87.6,95.3,99.1,61.7,88.9,免费评估
20,哥伦比亚大学Columbia University,United States,99.9,99.2,100,37.8,93.7,60.5,88.6,免费评估
21,伦敦大学国王学院King's College London,United Kingdom,91.8,91.1,88.2,97.6,99.3,71.2,87.7,免费评估
22,澳大利亚国立大学The Australian National University,Australia,99.1,89.6,56.5,100,96.3,86.9,87.3,免费评估
23,"密歇根大学安娜堡分校University of Michigan,Ann Arbor",United States,99.6,89.6,86.7,80.8,37.9,71.7,86.4,免费评估
24,Tsinghua University,China,99,99.2,85.6,43.3,28.1,79.5,86.0,免费评估
24,杜克大学Duke University,United States,94,78.3,99.2,-,56.7,86,86.0,免费评估
26,西北大学Northwestern University,United States,90.2,76.7,94.3,33.4,51.7,94.4,85.7,免费评估
27,The University of Hong Kong,Hong Kong,98.9,93.8,84,100,99.3,47.3,85.4,免费评估
28,"加州大学伯克利分校University of California,Berkeley",United States,100,99.9,31.4,98.1,79.2,99.8,85.2,免费评估
29,曼彻斯特大学The University of Manchester,United Kingdom,97.9,99.7,76.9,90.1,98.6,53.5,84.8,免费评估
30,麦吉尔大学McGill University,Canada,97.3,93.7,68.8,90.9,95.2,63.1,84.1,免费评估
31,"加州大学洛杉矶分校University of California,Los Angeles",United States,100,99.6,61.6,34.1,50.7,87.6,84.0,免费评估
32,多伦多大学University of Toronto,Canada,99.8,92.8,74.5,97.2,93.1,50,83.8,免费评估
33,"Ecole normale supérieure, Paris",France,82.1,71.8,76.6,84.5,65.1,100,82.9,免费评估
34,The University of Tokyo,Japan,100,99.6,92.2,-,-,64.4,82.6,免费评估
35,Seoul National University,South Korea,98.5,96.1,82.1,26,-,72.9,82.1,免费评估
36,The Hong Kong University of Science and Technology,Hong Kong,91.1,86,45.7,100,98.7,87.5,81.8,免费评估
37,Kyoto University,Japan,99.7,92.6,95.3,-,-,60.3,81.7,免费评估
37,伦敦政治经济学院The London School of Economics and Political Science,United Kingdom,88.8,100,57.1,100,100,72.3,81.7,免费评估
39,Peking University,China,99.8,99.8,66.4,53.6,49.6,64.8,81.3,免费评估
40,"加利福尼亚大学圣地亚哥分校University of California,San Diego",United States,95.9,62.8,64.9,52.9,39.1,92.1,80.6,免费评估
41,布里斯托大学University of Bristol,United Kingdom,85.5,94.8,73.8,88.8,82.4,62.7,79.6,免费评估
42,墨尔本大学The University of Melbourne,Australia,99.7,99.2,27.5,82.6,99.3,75.1,79.5,免费评估
43,Fudan University,China,90.8,95.3,65.6,66.7,46.5,73.9,79.4,免费评估
44,The Chinese University of Hong Kong (CUHK),Hong Kong,92.4,82,65.9,99.5,79.9,53.4,78.1,免费评估
45,英属哥伦比亚大学University of British Columbia,Canada,99.1,95.5,38.1,87.2,68.3,66.8,78.0,免费评估
46,悉尼大学The University of Sydney,Australia,99.1,98.1,25.7,99.8,94.9,67.1,77.9,免费评估
46,纽约大学New York University,United States,97.3,96.2,95,-,82.4,28.3,77.9,免费评估
46,KAIST - Korea Advanced Institute of Science & Technology,South Korea,85.5,83,69.2,23.5,-,99.9,77.9,免费评估
49,新南威尔士大学The University of New South Wales,Australia,95.3,98.7,-,100,95.2,77.1,77.8,免费评估
49,布朗大学Brown University,United States,73.5,68.3,78.2,69,66.7,95.5,77.8,免费评估
51,昆士兰大学The University of Queensland,Australia,93.4,82.7,33.1,100,84.6,79.9,77.6,免费评估
51,华威大学The University of Warwick,United Kingdom,83.9,98.9,62.9,96,99,58.2,77.6,免费评估
53,威斯康星大学-麦迪逊分校University of Wisconsin-Madison,United States,94.5,55.5,84.2,52.7,33.1,56.4,75.7,免费评估
53,Ecole Polytechnique,France,62.7,99.6,99.4,96.9,90.9,56,75.7,免费评估
55,City University of Hong Kong,Hong Kong,64.8,43.9,83,100,98.4,91.4,75.4,免费评估
56,Tokyo Institute of Technology,Japan,82.7,77.4,90.4,25.3,26.3,67.5,74.9,免费评估
57,University of Amsterdam,Netherlands,91.4,77.5,42.8,72.4,35.3,80.2,74.3,免费评估
58,卡内基梅隆大学Carnegie Mellon University,United States,83.8,81.4,35.1,32.2,99.8,94.1,74.2,免费评估
59,"西雅图华盛顿大学University of Washington,Seattle Campus",United States,91.8,52.8,45.7,40.6,47.5,92,73.9,免费评估
60,Technical University of Munich,Germany,85,97.6,86.4,53.7,57,28.9,72.4,免费评估
61,Shanghai Jiao Tong University,China,87.1,95.7,37.3,71,-,80.1,72.2,免费评估
62,Delft University of Technology,Netherlands,75.6,86.9,28.3,96.5,74.8,94.2,72.1,免费评估
63,Osaka University,Japan,88.6,68.2,83.1,-,-,57,71.7,免费评估
63,格拉斯哥大学University of Glasgow,United Kingdom,80,63,61.6,91.2,96.9,57.6,71.7,免费评估
65,蒙纳什大学Monash University,Australia,91.8,93.1,-,100,96.4,64.2,71.6,免费评估
66,伊利诺伊大学香槟分校University of Illinois at Urbana-Champaign,United States,95.1,62.2,-,35.3,71.2,93.8,71.4,免费评估
67,德克萨斯大学奥斯汀分校The University of Texas at Austin,United States,97.5,82.9,-,-,22.6,96.1,70.7,免费评估
68,Ludwig-Maximilians-Universit?t München,Germany,96.1,83.5,43.6,58.6,39,49.3,70.2,免费评估
68,National Taiwan University (NTU),Taiwan,95.7,68.9,36,-,-,80.7,70.2,免费评估
68,University of Copenhagen,Denmark,81.9,64.8,100,86,31.3,25,70.2,免费评估
71,佐治亚理工学院Georgia Institute of Technology,United States,76.1,78,48.8,-,87.5,86,69.8,免费评估
72,Ruprecht-Karls-Universitaet Heidelberg,Germany,90.1,70.5,69.7,48.4,59.5,36.4,69.7,免费评估
73,Lund University,Sweden,82,78.8,49.3,89.1,73.3,51.7,69.1,免费评估
74,杜伦大学Durham University,United Kingdom,64.9,95.7,30.7,94,87.6,89.5,68.8,免费评估
75,Tohoku University,Japan,78.7,57.5,97.9,-,-,52.3,68.7,免费评估
75,诺丁汉大学The University of Nottingham,United Kingdom,71.4,91.3,59,90.3,87.9,50.7,68.7,免费评估
77,圣安德鲁斯大学University of St Andrews,United Kingdom,54.3,58.4,73,98.2,99.9,79.2,68.2,免费评估
78,北卡罗来纳州大学教堂山分校University of North Carolina at Chapel Hill,United States,76.9,44.8,77.1,34.2,-,74.7,68.1,免费评估
79,KU Leuven,Belgium,87.4,71.6,-,83.7,41.3,89.4,67.9,免费评估
80,University of Zurich,Switzerland,68.6,69.3,95.8,100,62.2,29.9,67.8,免费评估
81,奥克兰大学The University of Auckland,New Zealand,90.1,85.8,-,86.5,89.5,50,67.3,免费评估
82,伯明翰大学University of Birmingham,United Kingdom,73.9,88.7,49.3,90.3,84.3,50.1,67.2,免费评估
83,Pohang University of Science And Technology (POSTECH),South Korea,47,57.3,99.5,44.5,-,100,67.0,免费评估
84,谢菲尔德大学The University of Sheffield,United Kingdom,70.3,66.2,62.7,84.8,97.1,52,66.9,免费评估
85,Universidad de Buenos Aires (UBA),Argentina,92.8,98.9,65.2,46.4,58.4,-,65.8,免费评估
85,"University of California, Davis",United States,80.6,49.9,25.6,65.5,47.6,88.7,65.8,免费评估
87,南安普顿大学University of Southampton,United Kingdom,63.3,48.2,72.8,93.3,96,56.2,65.6,免费评估
88,俄亥俄州立大学Ohio State University,United States,75.5,52,77.2,81.3,48.1,40.1,65.4,免费评估
89,波士顿大学Boston University,United States,71.3,83.9,56.5,-,77.7,63.1,65.2,免费评估
90,莱斯大学Rice University,United States,43,-,85.4,89.2,88.8,98,65.0,免费评估
91,University of Helsinki,Finland,75.5,57.2,93.7,65,-,31.2,64.7,免费评估
92,Purdue University,United States,74.5,70.8,30.2,96.1,77.4,63.6,64.5,免费评估
93,利兹大学University of Leeds,United Kingdom,72,81.8,49.3,77.9,77.4,47.3,64.2,免费评估
94,阿尔伯塔大学University of Alberta,Canada,70.6,61.9,53.5,92.6,83.5,49.8,64.0,免费评估
95,宾州州立大学Pennsylvania State University,United States,81.3,72.1,-,-,44.1,81.6,63.6,免费评估
95,University of Geneva,Switzerland,57.8,31.4,53.7,100,99.5,81.9,63.6,免费评估
97,KTH Royal Institute of Technology,Sweden,52.2,88.1,62,90.6,42.9,71.3,63.1,免费评估
98,Uppsala University,Sweden,77.6,53.1,48.5,24.6,71.6,59.5,62.8,免费评估
98,Korea University,South Korea,70.8,82.6,82.9,18.8,35.1,34.9,62.8,免费评估
98,"Trinity College Dublin, The University of Dublin",Ireland,68.2,57.8,39.6,98,85.9,62.4,62.8,免费评估
98,"KIT, Karlsruhe Institute of Technology",Germany,57.4,94.8,66,58.4,49.6,58.7,62.8,免费评估
102,Leiden University,Netherlands,78.8,43.9,38.7,71,30.6,69.9,62.7,免费评估
102,西澳大学The University of Western Australia,Australia,71.8,55.2,30.2,99.5,51.9,73.7,62.7,免费评估
104,Utrecht University,Netherlands,74.6,52.5,41.8,59.3,-,76.4,62.4,免费评估
104,University of Science and Technology of China,China,63.4,48.2,60.8,-,-,97.4,62.4,免费评估
106,Sungkyunkwan University (SKKU),South Korea,65.2,98.1,84.6,17.6,23.1,36.9,62.2,免费评估
106,圣路易斯华盛顿大学Washington University in St Louis,United States,53.1,-,99.9,29.9,65.8,69.9,62.2,免费评估
108,Lomonosov Moscow State University,Russia,77.1,69.3,99.7,-,51.9,-,62.1,免费评估
109,Technical University of Denmark,Denmark,34.5,43.8,98.9,98.7,78,74,61.8,免费评估
110,Zhejiang University,China,73.2,80.3,27,-,-,89,61.6,免费评估
111,The Hong Kong Polytechnic University,Hong Kong,63.8,51.6,48.1,100,80.9,59.3,61.4,免费评估
112,Yonsei University,South Korea,70.7,82.9,74.5,-,30.6,33.6,60.5,免费评估
113,University of Oslo,Norway,61,39.6,64,80.3,67.2,56.7,60.0,免费评估
113,University of Groningen,Netherlands,59.6,41.7,67,88.7,98.4,45,60.0,免费评估
115,Nanjing University,China,69,57.6,26.6,59.4,23.1,83.8,59.6,免费评估
115,Nagoya University,Japan,68.2,42,93.9,-,21.5,38.2,59.6,免费评估
117,Aarhus University,Denmark,66.3,52.1,35,68,44.3,75.8,59.5,免费评估
118,"University of California, Santa Barbara (UCSB)",United States,77,-,-,61.5,40.1,100,59.4,免费评估
119,Wageningen University,Netherlands,47.7,31.8,99.5,45.1,88.6,50.8,59.1,免费评估
120,Universidade de S?o Paulo,Brazil,93.3,94.4,30.9,-,-,27,59.0,免费评估
121,Humboldt-Universit?t zu Berlin,Germany,93.9,65.2,-,57.3,39.8,35.1,58.9,免费评估
121,Eindhoven University of Technology,Netherlands,41.8,44.8,99,100,24.7,57.2,58.9,免费评估
123,Freie Universitaet Berlin,Germany,88.4,55.9,-,59.8,50.8,51.8,58.7,免费评估
123,伦敦大学玛丽女王学院Queen Mary University of London,United Kingdom,53.6,45.3,64.7,98.6,99.8,47.7,58.7,免费评估
125,阿德莱德大学The University of Adelaide,Australia,67.4,62.3,29.7,94.5,99.2,48,58.6,免费评估
126,蒙特利尔大学University of Montreal,Canada,69.3,66.2,28.2,93.3,79.9,48.5,58.5,免费评估
127,约克大学University of York,United Kingdom,54.9,54.4,53.2,89.6,74.6,60,58.4,免费评估
128,Universidad Nacional Autónoma de México (UNAM),Mexico,94.3,92.3,49.6,-,-,-,58.3,免费评估
129,兰卡斯特大学University of Lancaster,United Kingdom,48.9,51.5,42.3,91.9,98.1,74.9,57.9,免费评估
130,Hokkaido University,Japan,67.3,49.9,84.4,-,-,38.1,57.8,免费评估
131,Ghent University,Belgium,61.9,43.1,88.7,57.5,23,33.7,57.6,免费评估
131,"University of Maryland, College Park",United States,61.3,33.4,55.5,30.1,33.2,77.3,57.6,免费评估
133,Universiti Malaya (UM),Malaysia,55.7,48,92.2,77.7,70.5,-,57.1,免费评估
133,Aalto University,Finland,45.8,55.9,79.6,81.6,30,57.9,57.1,免费评估
135,Kyushu University,Japan,62.1,53.4,96.5,16.7,22.2,27,56.8,免费评估
136,南加州大学University of Southern California,United States,63,50.2,33.4,44.6,75,69.1,56.7,免费评估
137,"明尼苏达大学双城校区University of Minnesota,Twin Cities",United States,76.8,40.5,-,-,26.3,86.9,56.4,免费评估
138,University of Lausanne,Switzerland,44.8,49.9,89.2,99.4,80.2,31.6,56.3,免费评估
139,Chalmers University of Technology,Sweden,37.7,76,62,83.6,51.9,70.7,56.1,免费评估
140,卡迪夫大学Cardiff University,United Kingdom,54.7,58.1,54.1,69.3,92.4,45,55.7,免费评估
141,Université Pierre et Marie Curie (UPMC),France,63.5,45.6,27.3,27.8,46.9,82.2,55.6,免费评估
141,University of Basel,Switzerland,45.3,35.3,29.1,100,77.8,95.2,55.6,免费评估
141,阿伯丁大学University of Aberdeen,United Kingdom,42.6,47.3,63.7,95.9,97.6,56.1,55.6,免费评估
144,Erasmus University Rotterdam,Netherlands,45,85.7,44.9,63.5,70.6,65.9,55.5,免费评估
145,匹兹堡大学University of Pittsburgh-Pittsburgh Campus,United States,48.2,-,97.4,40.1,25.7,52.9,55.1,免费评估
146,RWTH Aachen University,Germany,69.2,96.9,-,30.9,57.1,44.9,55.0,免费评估
147,Pontificia Universidad Católica de Chile (UC),Chile,89.7,98.3,28.9,-,-,-,54.7,免费评估
148,The Hebrew University of Jerusalem,Israel,56,-,79.5,51.6,-,51.4,54.2,免费评估
149,麦克马斯特大学McMaster University,Canada,51.6,50.8,68.9,93,44.9,37.9,54.1,免费评估
149,埃默里大学Emory University,United States,34.9,-,93,51.2,51.4,72.9,54.1,免费评估
151,National Tsing Hua University,Taiwan,56.8,42.2,-,32.1,-,99.6,53.9,免费评估
152,滑铁卢大学University of Waterloo,Canada,49.7,76.2,-,81.4,74.8,84,53.8,免费评估
152,Indian Institute of Science (IISc) Bangalore,India,42.4,-,69.3,-,-,99.9,53.8,免费评估
154,Université Catholique de Louvain (UCL),Belgium,65.1,62.3,30.2,86.3,61.8,37.8,53.4,免费评估
155,University of Vienna,Austria,74.9,46.7,-,96.9,94.4,-,53.3,免费评估
156,"加利福尼亚大学欧文分校University of California, Irvine",United States,54.9,-,-,51.8,80.2,93.1,53.2,免费评估
157,利物浦大学The University of Liverpool,United Kingdom,46.1,52.3,57.7,83.5,97.1,43.2,53.1,免费评估
158,达特茅斯学院Dartmouth College,United States,31.4,59,86.3,-,44.5,74.3,53.0,免费评估
159,巴斯大学University of Bath,United Kingdom,43.5,78.7,28.5,95,91.7,61.1,52.7,免费评估
160,University of Barcelona,Spain,79.5,66.4,28.4,-,36.1,32.4,52.6,免费评估
160,德克萨斯A&M大学Texas A & M University,United States,68.7,59,-,-,-,83.1,52.6,免费评估
160,密歇根州立大学Michigan State University,United States,63.5,58.2,-,61.8,50.4,62.5,52.6,免费评估
163,Albert-Ludwigs-Universitaet Freiburg,Germany,63.7,-,39,57.3,44.5,54.7,52.2,免费评估
164,Technische Universit?t Berlin (TU Berlin),Germany,61.3,78.7,42.7,39.8,61.8,30,52.1,免费评估
164,埃克塞特大学University of Exeter,United Kingdom,43.2,62.6,38.6,88.3,85.7,60,52.1,免费评估
164,CentraleSupélec,France,-,100,88.5,45.4,92.7,37.1,52.1,免费评估
167,Eberhard Karls Universit?t Tübingen,Germany,56,48,82.3,55.7,28.4,-,51.9,免费评估
168,纽卡斯尔大学Newcastle University,United Kingdom,40.9,58.4,54.8,87.9,93.9,46.6,51.8,免费评估
169,奥塔哥大学University of Otago,New Zealand,57.9,45,-,100,67.9,52.8,51.3,免费评估
170,科罗拉多大学波尔得分校University of Colorado Boulder,United States,51,44,64.8,37.4,-,53.9,51.2,免费评估
171,Hanyang University,South Korea,44.7,63.3,86.2,26.7,41.4,28.8,50.6,免费评估
172,"弗吉尼亚大学University of Virginia,Main Campus",United States,45.3,47.5,63.6,51.2,27.8,54.9,50.5,免费评估
173,Maastricht University,Netherlands,30.2,59.8,48.2,94.9,99.9,62.6,50.3,免费评估
174,National Chiao Tung University,Taiwan,33.3,-,60.2,37.9,55.5,85.8,50.1,免费评估
175,雷丁大学University of Reading,United Kingdom,38.6,52.2,38.2,89,93.8,61.8,50.0,免费评估
176,University College Dublin,Ireland,49.8,60.2,-,93.1,60.7,56.5,49.7,免费评估
177,Georg-August-University Goettingen,Germany,62.5,-,66.1,42.1,32.3,24.3,49.6,免费评估
177,école Normale Supérieure de Lyon,France,49.4,-,100,37.4,27.6,-,49.6,免费评估
177,University of Bergen,Norway,37.9,-,82,86.1,-,53.3,49.6,免费评估
177,University of Twente,Netherlands,29,-,42.1,87.8,70.4,95.6,49.6,免费评估
181,University of Bern,Switzerland,36.1,33.6,27.8,100,39.9,93.7,49.3,免费评估
182,Vrije Universiteit Brussel (VUB),Belgium,33,48.4,96.6,79.3,67.4,-,48.9,免费评估
183,Politecnico di Milano,Italy,57.2,89.6,-,40.1,41.4,57.7,48.8,免费评估
183,Vienna University of Technology,Austria,39.4,67.7,-,65.7,88.1,87.2,48.8,免费评估
185,佛罗里达大学University of Florida,United States,56.8,34.8,62,-,21.1,40.7,48.6,免费评估
185,Indian Institute of Technology Delhi (IITD),India,47.2,75.2,-,-,-,93.2,48.6,免费评估
185,罗彻斯特大学University of Rochester,United States,29.9,-,99.9,31.4,83.9,49.2,48.6,免费评估
187,"University of Illinois, Chicago (UIC)",United States,52.1,41.7,46.8,51.8,48.3,44.8,48.4,免费评估
187,萨塞克斯大学The University of Sussex,United Kingdom,37.4,-,33.3,98.1,97.9,73,48.4,免费评估
189,King Fahd University of Petroleum & Minerals,Saudi Arabia,29.3,40.3,89,100,64.4,31.4,48.3,免费评估
190,Radboud University,Netherlands,38.6,-,50.4,51.8,33.9,78.4,48.2,免费评估
191,Universidade Estadual de Campinas (Unicamp),Brazil,70.5,79.2,-,-,-,33.6,48.0,免费评估
191,University of Cape Town,South Africa,58.1,48.1,26.6,69.3,51.6,42.3,48.0,免费评估
193,University of Technology Sydney,Australia,48.8,81,-,96.7,94.6,37.7,47.8,免费评估
195,贝尔法斯特女王大学Queen's University Belfast,United Kingdom,36.2,55.2,42.7,98.8,94.5,45.3,47.5,免费评估
196,Stockholm University,Sweden,66.3,35.3,-,38.1,-,49.5,47.2,免费评估
196,卡尔加里大学Calgary University,Canada,45,65.9,29.6,80.4,65,46.3,47.2,免费评估
198,西安大略大学University of Western Ontario,Canada,39.9,60.2,-,99.2,56.1,73.5,47.1,免费评估
199,Vrije Universiteit Amsterdam,Netherlands,52.3,50.7,33.3,45,-,56.1,46.8,免费评估
200,Universidad de Chile,Chile,78.6,92.5,-,-,-,-,46.7,免费评估
201,Waseda University,Japan,68.1,84.5,29.2,31.7,37.2,-,46.5,免费评估
202,凯斯西储大学Case Western Reserve University,United States,-,-,96.8,29.9,64.2,59.3,46.4,免费评估
203,Universitat Autònoma de Barcelona,Spain,68.7,37.5,-,22.2,28,42.4,46.3,免费评估
203,范德堡大学Vanderbilt University,United States,37.7,-,100,-,34.5,35.8,46.3,免费评估
203,圣母诺特丹大学University of Notre Dame,United States,33.2,43.7,41,65,22.3,80.1,46.3,免费评估
206,Université Grenoble-Alpes,France,79.2,-,-,-,38.3,36.5,46.1,免费评估
206,Instituto Tecnológico y de Estudios Superiores de Monterrey,Mexico,36,92.6,75.6,94.9,35.3,-,46.1,免费评估
208,Alma Mater Studiorum - University of Bologna,Italy,80.2,54.5,-,-,-,29.8,46.0,免费评估
209,University of Antwerp,Belgium,33.9,33,93.1,67,48.4,22.1,45.8,免费评估
210,Universidad Autónoma de Madrid,Spain,64.4,68,34.7,-,-,26.3,45.7,免费评估
210,Technische Universit?t Dresden,Germany,41.6,67.8,-,72.9,36.2,77,45.7,免费评估
212,Tel Aviv University,Israel,47.7,36.2,-,31.6,-,97,45.6,免费评估
213,Technion - Israel Institute of Technology,Israel,45.2,32.4,-,65.3,-,80.4,45.5,免费评估
214,坎特伯雷大学University of Canterbury,New Zealand,45.7,45.5,-,99,62.6,54.8,45.4,免费评估
214,乔治城大学Georgetown University,United States,40.3,60.9,60.9,38.4,53.2,31.8,45.4,免费评估
216,Keio University,Japan,57.3,73.2,58.9,-,-,-,45.1,免费评估
216,Universite libre de Bruxelles,Belgium,46.2,57.9,29.4,95.1,96,25.7,45.1,免费评估
218,伍伦贡大学University of Wollongong,Australia,31.7,63.1,27.5,99.7,74.7,56.2,44.7,免费评估
219,Indian Institute of Technology Bombay (IITB),India,54.7,79.1,25,-,-,48.5,44.6,免费评估
220,Sciences Po,France,31.4,64.7,84.7,53.2,98,-,44.5,免费评估
221,Université Paris-Sorbonne (Paris IV),France,74.9,68.1,-,26.7,67,-,44.4,免费评估
222,Arizona State University,United States,51.8,31,-,30.4,58.3,70.3,44.2,免费评估
223,Sapienza University of Rome,Italy,76.3,43.8,-,-,-,38.1,44.0,免费评估
223,Queen's University at Kingston,Canada,43.4,62.3,-,76.4,25.6,65.7,44.0,免费评估
225,University of Tsukuba,Japan,45.3,-,77,-,29.3,24.9,43.8,免费评估
226,西蒙弗雷泽大学Simon Fraser University,Canada,31.9,35.6,-,94.9,92.7,82.9,43.6,免费评估
227,King Saud University,Saudi Arabia,34.5,33.4,88.5,98.8,-,-,43.4,免费评估
228,Université Paris 1 Panthéon-Sorbonne,France,71.4,82.5,-,19.2,79.2,-,43.3,免费评估
228,惠灵顿维多利亚大学Victoria University of Wellington,New Zealand,46.6,42.9,-,100,60.9,47.8,43.3,免费评估
228,American University of Beirut (AUB),Lebanon,28.6,84.9,60.2,98.6,69.6,-,43.3,免费评估
231,Rheinische Friedrich-Wilhelms-Universit?t Bonn,Germany,57.9,-,48.3,16.7,34.1,23.5,43.0,免费评估
232,Universit?t Hamburg,Germany,58.8,39.2,42,30.3,27.1,-,42.9,免费评估
233,The University of Arizona,United States,52.1,-,-,21.8,-,67.1,42.8,免费评估
234,University of Turku,Finland,34.5,54.8,87.9,29.5,-,-,42.7,免费评估
235,伦敦大学皇家霍洛威学院Royal Holloway University of London,United Kingdom,-,-,27.2,98.3,99.1,71.5,42.6,免费评估
236,Al-Farabi Kazakh National University,Kazakhstan,42.1,36.5,96.9,30.3,-,-,42.5,免费评估
237,拉夫堡大学Loughborough University,United Kingdom,31.7,60.1,33.8,84.3,58.1,47.9,42.3,免费评估
238,塔夫茨大学Tufts University,United States,-,-,67.8,38,60.1,59.8,42.2,免费评估
239,University Complutense Madrid,Spain,68,72.6,-,-,36.8,-,42.1,免费评估
239,莱斯特大学University of Leicester,United Kingdom,-,-,56.9,84.4,97.1,43.7,42.1,免费评估
241,National Cheng Kung University (NCKU),Taiwan,42.2,34.3,39.8,17.6,27.7,57.1,42.0,免费评估
241,Université Paris-Sud,France,37.4,-,68.1,32.2,52.4,31.8,42.0,免费评估
243,National Taiwan University of Science and Technology (Taiwan Tech),Taiwan,33.1,-,73.8,-,26.9,46.2,41.7,免费评估
244,邓迪大学University of Dundee,United Kingdom,-,-,82.1,88.5,76.2,25.2,41.6,免费评估
245,纽卡斯尔大学The University of Newcastle,Australia,37.7,43.2,-,99.3,59.5,44.1,41.3,免费评估
245,University of Navarra,Spain,32.4,84.7,66.1,19.5,54.9,-,41.3,免费评估
247,麦考瑞大学Macquarie University,Australia,39.2,47.9,-,96,66.9,51.4,41.2,免费评估
247,Technische Universit?t Darmstadt,Germany,29.3,82.6,-,59.5,56.4,69,41.2,免费评估
249,Indian Institute of Technology Madras (IITM),India,41.1,55.2,-,-,-,73.3,41.0,免费评估
249,"National University of Ireland, Galway",Ireland,-,35.5,76.8,90.7,62.6,-,41.0,免费评估
251,University of Massachusetts Amherst,United States,47.5,-,-,18.5,-,69.3,40.8,免费评估
252,Chulalongkorn University,Thailand,68.9,52.3,-,16.4,-,-,40.6,免费评估
252,皇家墨尔本理工大学Royal Melbourne Institute of Technology University,Australia,42,74.1,-,100,83.5,-,40.6,免费评估
252,伦敦大学亚非学院SOAS University of London,United Kingdom,38.4,-,45.8,100,100,-,40.6,免费评估
252,东英吉利大学University of East Anglia,United Kingdom,28.3,-,35.2,81,90.1,59.5,40.6,免费评估
252,迈阿密大学University of Miami,United States,-,-,95.2,-,48.9,35.1,40.6,免费评估
257,Beijing Normal University,China,49.3,33.4,31.8,40.4,-,40.3,40.4,免费评估
258,Saint-Petersburg State University,Russia,38,31.3,97.6,-,26.4,-,40.1,免费评估
259,Norwegian University of Science And Technology,Norway,36.6,46,31.4,73.7,28,45.7,39.8,免费评估
260,Université de Strasbourg,France,60.7,-,-,40.3,49,28.1,39.6,免费评估
261,萨里大学University of Surrey,United Kingdom,-,35.6,33.1,96,98.5,43.8,39.5,免费评估
262,Université Paris Diderot - Paris 7,France,55.8,-,-,34,42.2,51.3,39.4,免费评估
263,Universit?t Stuttgart,Germany,34.8,62.3,35.2,37.1,64.9,34.6,39.3,免费评估
264,Universit?t Frankfurt am Main,Germany,55.3,51.6,-,17.2,41.4,-,39.2,免费评估
264,University of Gothenburg,Sweden,43,-,47.2,37,26.7,32.1,39.2,免费评估
264,Kyung Hee University,South Korea,29.1,60.2,74,-,37.3,-,39.2,免费评估
264,Ecole Normale Supérieure de Cachan,France,-,-,87.8,32.9,43.3,36.7,39.2,免费评估
268,école des Ponts ParisTech,France,-,74.4,97.9,-,98.6,-,39.1,免费评估
269,Universidad Nacional de Colombia,Colombia,65,91.5,-,-,-,-,38.9,免费评估
270,Universiti Putra Malaysia (UPM),Malaysia,43.2,-,48.9,45.2,71.8,-,38.8,免费评估
271,加州大学河滨分校University of California-Riverside,United States,-,-,-,95.4,30.8,84,38.7,免费评估
272,Universidad de los Andes,Colombia,59.7,84.8,-,31.9,-,-,38.5,免费评估
272,Friedrich-Alexander-Universit?t Erlangen-Nürnberg,Germany,30.1,37.2,-,26.2,27.2,97.5,38.5,免费评估
272,思克莱德大学University of Strathclyde,United Kingdom,28.7,54.5,28.6,88.5,80.2,36.3,38.5,免费评估
275,Wuhan University,China,42.8,46.5,-,54.9,-,39.8,38.2,免费评估
276,昆士兰科技大学Queensland University of Technology,Australia,39.9,56.7,-,96.9,49.6,31.4,38.1,免费评估
277,北卡罗来纳州立大学North Carolina State University at Raleigh,United States,36.2,-,29.1,51.8,40.1,50.1,38.0,免费评估
278,Harbin Institute of Technology,China,30.5,-,49.6,-,-,64.4,37.9,免费评估
278,Hong Kong Baptist University,Hong Kong,-,-,35.9,99.4,91.4,50.2,37.9,免费评估
280,Universidad Carlos III de Madrid (UC3M),Spain,34.8,56.9,68.2,34.2,22.6,-,37.8,免费评估
280,"伦敦大学伯克贝克学院Birkbeck, University Of London",United Kingdom,-,-,-,97.5,99.2,70,37.8,免费评估
282,Link?ping University,Sweden,-,49.3,70.3,41.1,-,28,37.7,免费评估
283,Mahidol University,Thailand,45.8,-,73.3,-,-,-,37.6,免费评估
283,Universitat Pompeu Fabra,Spain,39.4,31.8,-,76.4,34.5,44.4,37.6,免费评估
283,University College Cork,Ireland,31.1,44.8,29.5,93.1,47,38.1,37.6,免费评估
283,King Abdulaziz University (KAU),Saudi Arabia,27.3,-,66.5,99,68.1,-,37.6,免费评估
283,达尔豪斯大学Dalhousie University,Canada,-,-,-,100,60.2,65.5,37.6,免费评估
288,南澳大学University of South Australia,Australia,28.8,41.6,28.5,100,65.5,37.3,37.4,免费评估
288,Universiti Teknologi Malaysia,Malaysia,-,-,82.9,56.8,41.3,-,37.4,免费评估
288,University of St.Gallen (HSG),Switzerland,-,94.3,-,100,97,61.9,37.4,免费评估
291,印第安纳大学伯明顿主校区Indiana University Bloomington,United States,53.1,42.2,-,33.7,26.3,22.1,37.3,免费评估
291,渥太华大学University of Ottawa,Canada,34.8,-,-,86.6,51,59.8,37.3,免费评估
291,Novosibirsk State University,Russia,28.9,34.2,86.6,-,56,-,37.3,免费评估
294,Westf?lische Wilhelms-Universitat Münster,Germany,39.8,53.5,45,25.1,-,24.9,37.2,免费评估
294,Umea University,Sweden,-,-,85.5,31.9,-,24.3,37.2,免费评估
296,"University of California, Santa Cruz",United States,31.1,-,-,45.7,-,92,37.1,免费评估
297,Sun Yat-sen University,China,41.2,39,-,39.6,-,50.1,37.0,免费评估
297,Hiroshima University,Japan,34.3,-,86,-,-,-,37.0,免费评估
299,Universit?t Innsbruck,Austria,31.4,38.4,33.1,97.2,99.2,-,36.9,免费评估
299,波士顿学院Boston College,United States,28.8,44.3,-,95.5,24.5,56.3,36.9,免费评估
301,Rutgers University - New Brunswick,United States,43.8,-,34.8,21.1,27.1,35.7,36.8,免费评估
302,Charles University in Prague,Czech Republic,48.7,44.9,37.6,-,45,-,36.7,免费评估
302,Universiti Kebangsaan Malaysia (UKM),Malaysia,40,-,53.9,55,44,-,36.7,免费评估
302,Indian Institute of Technology Kanpur (IITK),India,36.9,49.9,-,-,-,64.2,36.7,免费评估
305,Politecnico di Torino,Italy,32.6,63.7,-,-,45.7,70.7,36.4,免费评估
306,科廷大学Curtin University,Australia,30.7,39,-,100,74.4,33.4,36.3,免费评估
306,Bauman Moscow State Technical University,Russia,-,50.4,100,-,-,-,36.3,免费评估
308,Universidad Austral,Argentina,28.4,61.9,86.7,-,-,-,36.2,免费评估
308,National Yang Ming University,Taiwan,-,-,99.5,-,-,38.9,36.2,免费评估
310,National Taiwan Normal University,Taiwan,37.8,-,59.3,16.9,76.3,-,36.0,免费评估
310,Pontificia Universidad Católica Argentina Santa María de los Buenos Aires (UCA),Argentina,29,85.9,72.6,-,22.4,-,36.0,免费评估
310,伦斯勒理工学院Rensselaer Polytechnic Institute,United States,-,-,-,-,39.9,95.6,36.0,免费评估
313,Indian Institute of Technology Kharagpur (IIT-KGP),India,28.7,50.6,-,-,-,83.9,35.9,免费评估
314,伦敦城市大学City University London,United Kingdom,-,65.5,-,96,100,33.3,35.8,免费评估
315,Nankai University,China,35.5,-,-,-,-,70.3,35.7,免费评估
315,Tongji University,China,35.5,30.8,29.1,68.5,26.8,38.5,35.7,免费评估
315,Université de Liège,Belgium,-,-,-,-,65.5,71.3,35.7,免费评估
318,Xi’an Jiaotong University,China,33.5,-,49.3,23.4,-,38.5,35.6,免费评估
319,Tampere University of Technology,Finland,-,31.1,94.1,55.3,21,-,35.5,免费评估
320,Ben Gurion University of The Negev,Israel,-,-,28.3,76.8,59.6,51.8,35.4,免费评估
321,Universidade Federal do Rio de Janeiro,Brazil,61.6,-,-,-,-,-,35.3,免费评估
321,Universitat Politècnica de Catalunya,Spain,35.1,42.4,50.4,-,33,24.1,35.3,免费评估
323,University of Porto,Portugal,41.7,39.5,-,-,-,54.4,35.2,免费评估
324,怀卡托大学The university of Waikato,New Zealand,-,36.5,-,97.3,79.9,53.1,35.1,免费评估
325,Universitas Indonesia,Indonesia,42.6,54.5,42.4,68.1,-,-,35.0,免费评估
325,维多利亚大学University of Victoria,Canada,-,-,-,82.9,47.2,75.4,35.0,免费评估
327,Université de Montpellier,France,46.8,32.5,-,-,41,39.5,34.8,免费评估
327,赫瑞·瓦特大学Heriot-Watt University,United Kingdom,-,45.5,34.2,98.6,99.6,36.2,34.8,免费评估
329,Tokyo Medical and Dental University (TMDU),Japan,-,-,100,-,-,26.1,34.7,免费评估
330,University of Lisbon,Portugal,42.4,50.7,-,-,23.1,40.8,34.6,免费评估
330,Universiti Sains Malaysia (USM),Malaysia,40.3,34.7,36.8,23.4,25.8,25.9,34.6,免费评估
330,Tilburg University,Netherlands,-,36.9,-,87,37.9,68.3,34.6,免费评估
330,埃塞克斯大学University of Essex,United Kingdom,-,-,-,99.2,99.8,47.6,34.6,免费评估
330,叶史瓦大学Yeshiva University,United States,-,-,98.8,-,24.7,56.6,34.6,免费评估
335,Ewha Womans University,South Korea,-,-,80.8,-,35.1,-,34.5,免费评估
336,格里菲斯大学Griffith University,Australia,31.7,32.5,-,98,64.1,36.5,34.4,免费评估
337,Gwangju Institute of Science and Technology (GIST),South Korea,-,-,35,-,-,100,34.3,免费评估
338,Università?di Padova,Italy,56,-,-,-,-,24.3,34.2,免费评估
338,University of Jyv?skyl?,Finland,-,-,81.7,36.7,-,-,34.2,免费评估
340,梅西大学Massey University,New Zealand,33.7,-,-,96.5,73.4,-,34.1,免费评估
340,詹姆斯·库克大学James Cook University,Australia,-,-,-,96.9,83.9,49.4,34.1,免费评估
342,University at Buffalo SUNY,United States,-,-,-,68,66.4,72.9,34.0,免费评估
343,林肯大学Lincoln University,New Zealand,-,-,58,91.7,93.9,37.9,33.9,免费评估
343,University of Hawai'i at Ma?oa,United States,-,-,56.6,64.7,25.8,40.2,33.9,免费评估
345,布鲁内尔大学Brunel University,United Kingdom,-,-,-,97.5,99.6,48.8,33.8,免费评估
345,L.N. Gumilyov Eurasian National University (ENU),Kazakhstan,-,-,99.6,28.9,-,-,33.8,免费评估
347,University of Cologne,Germany,42.9,54.9,-,32.2,28.7,-,33.6,免费评估
347,University of Tartu,Estonia,28.7,-,72.9,17.4,-,-,33.6,免费评估
347,University Ulm,Germany,-,-,64.7,52.9,33.7,52.6,33.6,免费评估
350,Moscow Institute of Physics and Technology (MIPT / Moscow Phystech),Russia,-,-,98.4,22.8,36.5,-,33.4,免费评估
350,Moscow State Institute of International Relations (MGIMO University),Russia,-,32.1,99.4,-,36.1,-,33.4,免费评估
352,Universit?t Konstanz,Germany,33.7,-,40.4,58.7,33,23.2,33.2,免费评估
352,Universidad de Belgrano,Argentina,-,60.5,80.6,-,89.9,-,33.2,免费评估
354,Belarus State University,Belarus,-,-,92.4,-,22.9,-,33.0,免费评估
355,迪肯大学Deakin University,Australia,31.9,38.5,-,98.5,54.8,35.7,32.9,免费评估
356,Université Paris Dauphine,France,31.2,67,-,45,86.2,-,32.8,免费评估
356,Lappeenranta University of Technology,Finland,-,-,99.9,45.5,25.9,-,32.8,免费评估
358,阿斯顿大学Aston University,United Kingdom,-,43.3,-,98.1,82.1,38.3,32.7,免费评估
359,University of the Witwatersrand,South Africa,33.9,34.2,-,95.9,-,30.3,32.6,免费评估
359,牛津布鲁克斯大学Oxford Brookes University,United Kingdom,30.9,69,-,66,84.8,-,32.6,免费评估
361,弗吉尼亚理工大学Virginia Polytechnic Institute and State University,United States,31.8,40.2,25.6,20.4,21.4,42.2,32.4,免费评估
361,东北大学Northeastern University,United States,-,37.5,27.4,57,96.2,40,32.4,免费评估
363,乔治华盛顿大学George Washington University,United States,32.4,37.8,27.1,35.3,47.9,29.6,32.3,免费评估
363,Universit?t Jena,Germany,-,-,78.2,-,33.2,22,32.3,免费评估
365,The American University in Cairo,Egypt,31.6,61.4,35.5,96.9,-,-,32.2,免费评估
366,University of Warsaw,Poland,42.5,48.1,35.4,-,-,-,32.1,免费评估
366,Universidade Nova de Lisboa,Portugal,29.3,51.7,38.7,36.1,26.6,21.4,32.1,免费评估
366,肯特大学University of Kent,United Kingdom,-,-,32.4,97.7,90.7,25.6,32.1,免费评估
369,Kobe University,Japan,31.7,30.8,59.2,-,-,-,32.0,免费评估
370,University of Milan,Italy,48.2,-,-,-,-,34.4,31.9,免费评估
370,塔斯马尼亚大学University of Tasmania,Australia,-,-,-,92.6,75.9,35.7,31.9,免费评估
372,Laval University,Canada,29,-,29.1,69.9,35,31.5,31.8,免费评估
373,堪萨斯大学University of Kansas,United States,-,-,76.9,17.6,21.6,24.3,31.7,免费评估
374,University of the Philippines,Philippines,42.5,46.9,46,-,-,-,31.5,免费评估
374,Aalborg University,Denmark,-,48.6,-,72.2,47.3,27.3,31.5,免费评估
374,"University of Colorado, Denver",United States,-,-,100,-,22.1,-,31.5,免费评估
377,Université Paris Descartes,France,30.8,-,32,19.6,53.2,37.5,31.4,免费评估
377,Tomsk State University,Russia,-,-,83.5,23.7,57.3,-,31.4,免费评估
377,University of Troms? The Arctic University of Norway,Norway,-,-,96.7,17.3,29.9,-,31.4,免费评估
380,Dublin City University,Ireland,-,36.9,36.2,86.1,57.5,24,31.3,免费评估
380,University of Texas Dallas,United States,-,-,-,-,48,88.9,31.3,免费评估
382,University of Eastern Finland,Finland,-,-,62.1,42.9,-,27.6,31.2,免费评估
382,V. N. Karazin Kharkiv National University,Ukraine,-,-,88.4,-,97.7,-,31.2,免费评估
384,美利坚大学American University,United States,35.4,55.7,30.8,-,35.2,-,31.1,免费评估
385,斯特林大学University of Stirling,United Kingdom,-,-,-,73,64.2,56.5,31.0,免费评估
386,Colorado State University,United States,29.8,36.6,-,22.7,-,49.5,30.9,免费评估
386,Chung-Ang University(CAU),South Korea,-,-,82.6,17.3,37.3,-,30.9,免费评估
386,拉筹伯大学La Trobe University,Australia,-,30.8,-,97.8,95.1,26,30.9,免费评估
389,Beijing Institute of Technology,China,33.3,31.5,31,-,-,37.7,30.8,免费评估
390,"Stony Brook University, State University of New York",United States,-,-,40.4,-,86.6,41.9,30.7,免费评估
390,斯望西大学Swansea University,United Kingdom,-,-,40.1,67.9,70.1,32.2,30.7,免费评估
390,University of Southern Denmark,Denmark,-,-,37.9,76,49.6,25.5,30.7,免费评估
393,爱荷华大学University of Iowa,United States,28.8,-,36,-,33.4,43.7,30.6,免费评估
393,Qatar University,Qatar,-,-,53.7,100,99.9,-,30.6,免费评估
395,Stellenbosch University,South Africa,32.2,-,-,74.4,-,44.7,30.5,免费评估
395,Washington State University,United States,31.7,-,-,68,-,33.2,30.5,免费评估
395,National Sun Yat-sen University,Taiwan,28.2,-,-,16.6,-,58.2,30.5,免费评估
395,National Technical University of Athens,Greece,-,58.7,-,-,-,48.7,30.5,免费评估
399,Indian Institute of Technology Roorkee (IITR),India,-,32,-,-,-,80.4,30.4,免费评估
400,Leibniz Universit?t Hannover,Germany,-,-,-,-,26.6,83.4,30.3,免费评估
400,National Research Tomsk Polytechnic University,Russia,-,-,94.6,20.8,76.3,-,30.3,免费评估
