﻿Ranking,University Name,Entry Standards,Student Satisfaction,Research Assessment,Graduate Prospects,Overall Score,Free
1,杜伦大学Durham University,560.0,4.08,3.41,88.0,100.0,免费评估
2,牛津大学University of Oxford,516.0,4.15,3.43,88.0,98.4,免费评估
3,伯明翰大学University of Birmingham,511.0,4.15,3.26,86.0,96.7,免费评估
4,曼彻斯特大学The University of Manchester,542.0,4.25,3.25,76.0,96.4,免费评估
5,伦敦大学皇家霍洛威学院Royal Holloway University of London,529.0,4.15,3.26,78.0,95.8,免费评估
6,剑桥大学University of Cambridge,525.0,3.72,3.06,88.0,95.3,免费评估
7,布里斯托大学University of Bristol,503.0,4.41,3.09,76.0,94.7,免费评估
8,爱丁堡大学The University of Edinburgh,569.0,3.96,3.09,70.0,93.8,免费评估
9,诺丁汉大学University of Nottingham,453.0,4.44,3.29,74.0,92.6,免费评估
10,利兹大学University of Leeds,490.0,4.29,3.25,72.0,92.3,免费评估
11,King's College London,477.0,3.8,3.1,84.0,92.1,免费评估
12,Cardiff,499.0,4.2,3.28,70.0,92.0,免费评估
13,约克大学The University of York,446.0,4.4,3.04,80.0,92.0,免费评估
14,萨里大学University of Surrey,474.0,4.31,2.84,76.0,90.8,免费评估
15,南安普顿大学University of Southampton,388.0,4.1,3.55,72.0,88.5,免费评估
16,皇家音乐学院Royal College of Music,346.0,4.17,3.01,98.0,88.3,免费评估
17,纽卡斯尔大学Newcastle University,415.0,4.32,3.06,70.0,88.0,免费评估
18,市政厅音乐及戏剧学院Guildhall School of Music and Drama,404.0,4.09,2.44,90.0,87.1,免费评估
19,皇家音乐学院Royal College of Music,334.0,4.12,2.75,92.0,86.8,免费评估
20,谢菲尔德大学The University of Sheffield,380.0,4.12,3.3,68.0,86.5,免费评估
21,班戈大学Bangor University,382.0,4.57,3.09,70.0,86.4,免费评估
22,英国皇家北方音乐学院Royal Northern College of Music,338.0,4.14,3.08,86.0,85.1,免费评估
23,哈德斯菲尔德大学University of Huddersfield,345.0,4.34,3.25,74.0,85.1,免费评估
24,伦敦大学亚非学院SOAS University of London,312.0,4.32,3.36,,84.9,免费评估
25,萨塞克斯大学University of Sussex,341.0,3.88,2.93,80.0,84.4,免费评估
26,基尔大学Keele University,328.0,4.03,2.92,76.0,84.1,免费评估
27,阿伯丁大学University of Aberdeen,411.0,3.85,2.67,66.0,83.7,免费评估
28,Trinity Laban,333.0,3.51,2.78,88.0,83.7,免费评估
29,英国女王大学Queen's University Belfast,385.0,4.0,2.83,66.0,83.6,免费评估
30,伦敦大学金史密斯学院Goldsmiths University of London,357.0,3.69,3.17,70.0,83.4,免费评估
31,伦敦城市大学City University London,318.0,3.97,3.19,76.0,83.0,免费评估
32,格拉斯哥大学University of Glasgow,,3.96,2.98,62.0,82.7,免费评估
33,伯明翰城市大学Birmingham City University,308.0,4.28,2.85,78.0,81.8,免费评估
34,苏格兰皇家音乐学院Royal Conservatoire of Scotland,307.0,3.73,2.85,88.0,81.5,免费评估
35,肯特大学University of Kent,312.0,4.01,3.2,66.0,81.2,免费评估
36,米德塞斯大学Middlesex University,294.0,4.42,2.5,76.0,80.9,免费评估
37,阿尔斯特大学University of Ulster,351.0,4.46,2.91,48.0,80.3,免费评估
38,巴斯斯巴大学Bath Spa University,330.0,4.32,2.69,68.0,79.8,免费评估
39,考文垂大学Coventry University,326.0,4.27,2.98,60.0,79.2,免费评估
40,利物浦大学The University of Liverpool,386.0,3.97,3.0,48.0,78.6,免费评估
41,德蒙福特大学De Montfort University,313.0,4.2,2.84,,78.0,免费评估
42,龙比亚大学Napier University,438.0,4.27,,64.0,78.0,免费评估
43,布鲁内尔大学Brunel University,383.0,4.58,2.75,34.0,77.7,免费评估
44,利物浦霍普大学Liverpool Hope University,307.0,3.89,2.5,60.0,76.9,免费评估
45,赫尔大学The University of Hull,346.0,4.14,2.47,56.0,76.8,免费评估
46,伯恩茅斯大学Bournemouth University,298.0,4.07,3.0,60.0,76.6,免费评估
47,格林威治大学The University of Greenwich,384.0,4.54,,62.0,76.4,免费评估
48,艾芝西尔大学Edge Hill University,333.0,4.09,2.24,,75.9,免费评估
49,温切斯特大学University of Winchester,286.0,4.36,2.4,,75.7,免费评估
50,切斯特大学University of Chester,340.0,4.05,1.81,66.0,75.6,免费评估
51,法尔茅斯大学Falmouth University,315.0,4.17,2.14,64.0,75.4,免费评估
52,赫特福德大学University of Hertfordshire,312.0,3.9,2.09,68.0,75.4,免费评估
53,牛津布鲁克斯大学Oxford Brookes University,331.0,3.63,2.81,48.0,74.3,免费评估
54,泰晤士河谷大学Thames Valley University,341.0,4.25,1.88,60.0,74.3,免费评估
55,西苏格兰大学University of the West of Scotland,355.0,3.85,2.47,50.0,74.2,免费评估
56,桑德兰大学University of Sunderland,311.0,4.34,1.88,58.0,73.8,免费评估
57,南威尔士大学The University of South Wales,324.0,3.52,2.7,60.0,73.5,免费评估
58,约克圣约翰大学York St John University,305.0,3.97,2.29,56.0,73.3,免费评估
59,布莱顿大学University of Brighton,255.0,3.84,2.95,56.0,72.2,免费评估
60,Plymouth,314.0,3.89,2.76,42.0,71.9,免费评估
61,索尔福德大学University of Salford,309.0,4.4,2.28,42.0,71.4,免费评估
62,Plymouth Marjon,301.0,4.69,,54.0,71.2,免费评估
63,曼彻斯特城市大学Manchester Metropolitan University,326.0,3.96,2.36,44.0,71.1,免费评估
64,中央兰开夏大学University of Central Lancashire,282.0,3.84,2.27,58.0,70.9,免费评估
65,威斯敏斯特大学University of Westminster,298.0,3.91,,66.0,70.4,免费评估
66,奇切斯特大学University of Chichester,336.0,3.76,2.41,42.0,70.0,免费评估
67,坎特伯雷大学Canterbury Christ Church University,277.0,3.96,2.39,44.0,69.9,免费评估
68,德比大学University of Derby,234.0,4.22,2.29,52.0,69.2,免费评估
69,伦敦南岸大学London South Bank University,253.0,3.79,2.42,48.0,69.1,免费评估
70,利兹贝克特大学Leeds Beckett University,287.0,4.23,1.41,,68.7,免费评估
71,东伦敦大学University of East London,272.0,3.32,2.47,54.0,68.5,免费评估
72,金斯顿大学Kingston University,286.0,3.89,,56.0,67.3,免费评估
73,剑桥安鲁大学Anglia Ruskin University,233.0,3.62,2.33,46.0,66.9,免费评估
74,格罗斯特大学University of Gloucestershire,286.0,4.5,,42.0,66.7,免费评估
75,圣大卫三一学院University of Wales Trinity Saint David,280.0,3.91,,,65.6,免费评估
76,新白金汉大学Buckinghamshire New University,,3.98,,48.0,65.4,免费评估
77,伦敦都市大学London Metropolitan University,244.0,4.71,,40.0,65.2,免费评估
78,南安普顿索伦特大学Southampton Solent University,282.0,4.17,,42.0,64.9,免费评估
79,利物浦约翰摩尔斯大学Liverpool John Moores University,,4.28,,40.0,64.7,免费评估
80,高地与群岛大学University of the Highlands and Islands,,3.9,,44.0,63.6,免费评估
81,北安普顿大学The University of Northampton,237.0,4.13,,36.0,61.2,免费评估
