﻿Ranking,University Name,Entry Standards,Student Satisfaction,Research Assessment,Graduate Prospects,Overall Score,Free
1,牛津大学University of Oxford,217,3.98,3.31,84.0,100.0,免费评估
2,剑桥大学University of Cambridge,211,4.05,3.0,84.0,98.8,免费评估
3,伦敦政治经济学院The London School of Economics and Political Science,185,3.62,3.45,90.0,98.1,免费评估
4,伦敦大学学院University College London,185,3.9,3.28,84.0,98.0,免费评估
5,华威大学The University of Warwick,170,4.19,3.19,84.0,97.7,免费评估
6,圣安德鲁斯大学University of St Andrews,205,4.32,2.95,72.0,97.3,免费评估
7,谢菲尔德大学The University of Sheffield,159,4.08,3.4,86.0,97.1,免费评估
8,埃克塞特大学University of Exeter,170,4.01,3.13,86.0,96.5,免费评估
9,杜伦大学Durham University,191,3.78,2.87,84.0,96.3,免费评估
10,巴斯大学University of Bath,169,3.88,2.81,90.0,96.1,免费评估
11,兰卡斯特大学Lancaster University,149,4.03,3.15,82.0,95.7,免费评估
12,爱丁堡大学The University of Edinburgh,184,3.72,3.07,76.0,95.3,免费评估
13,约克大学The University of York,151,4.03,3.16,82.0,95.2,免费评估
14,拉夫堡大学Loughborough University,146,4.26,2.51,86.0,95.2,免费评估
15,思克莱德大学University of Strathclyde,191,4.05,3.04,66.0,95.0,免费评估
16,布里斯托大学University of Bristol,175,3.98,2.69,76.0,94.8,免费评估
17,格拉斯哥大学University of Glasgow,188,3.95,2.84,70.0,94.7,免费评估
18,伯明翰大学University of Birmingham,151,4.05,2.78,82.0,94.6,免费评估
19,曼彻斯特大学The University of Manchester,164,3.99,2.92,78.0,94.6,免费评估
20,诺丁汉大学University of Nottingham,157,3.85,2.79,82.0,94.6,免费评估
21,伦敦国王学院King's College London,183,3.87,2.99,74.0,94.5,免费评估
22,纽卡斯尔大学Newcastle University,154,4.07,2.62,82.0,94.3,免费评估
23,萨塞克斯大学University of Sussex,144,3.9,3.03,82.0,94.3,免费评估
24,利兹大学University of Leeds,161,3.93,2.86,80.0,94.2,免费评估
25,斯特林大学University of Stirling,182,4.04,3.01,66.0,94.1,免费评估
26,埃塞克斯大学University of Essex,111,4.11,3.54,78.0,94.0,免费评估
27,南安普顿大学University of Southampton,145,3.93,2.99,76.0,93.4,免费评估
28,亚伯大学Aberystwyth University,115,4.31,3.18,76.0,93.2,免费评估
29,阿伯丁大学University of Aberdeen,183,4.01,2.44,66.0,92.8,免费评估
30,伦敦大学皇家霍洛威学院Royal Holloway University of London,135,3.83,2.81,78.0,92.7,免费评估
31,肯特大学University of Kent,134,4.13,2.75,74.0,92.6,免费评估
32,伦敦大学玛丽女王学院Queen Mary University of London,140,3.87,2.85,74.0,92.3,免费评估
33,朴茨茅斯大学University of Portsmouth,103,4.2,2.89,80.0,92.3,免费评估
34,邓迪大学University of Dundee,143,4.12,2.15,78.0,92.2,免费评估
35,卡迪夫大学Cardiff University,146,3.75,3.02,72.0,92.0,免费评估
36,阿斯顿大学Aston University,116,3.96,3.08,74.0,91.9,免费评估
37,伦敦大学亚非学院SOAS University of London,165,4.06,2.86,60.0,91.8,免费评估
38,东英吉利大学University of East Anglia,135,4.05,2.85,70.0,91.8,免费评估
39,基尔大学Keele University,114,4.26,2.75,76.0,91.8,免费评估
40,雷丁大学University of Reading,128,3.67,2.91,76.0,91.7,免费评估
41,斯旺西大学Swansea University,122,4.01,2.87,76.0,91.3,免费评估
42,英国女王大学Queen's University Belfast,143,3.9,2.8,64.0,91.1,免费评估
43,布鲁内尔大学Brunel University,113,4.05,2.79,72.0,91.1,免费评估
44,莱斯特大学University of Leicester,121,3.85,2.55,76.0,90.8,免费评估
45,格林威治大学The University of Greenwich,124,4.38,2.23,72.0,90.4,免费评估
46,利物浦大学The University of Liverpool,136,4.14,2.42,70.0,90.2,免费评估
47,普利茅斯大学University of Plymouth,114,4.28,2.75,64.0,90.1,免费评估
48,伦敦城市大学City University London,137,4.06,2.65,60.0,90.0,免费评估
49,萨里大学University of Surrey,147,4.05,2.08,66.0,89.9,免费评估
50,哈德斯菲尔德大学University of Huddersfield,125,3.79,2.83,74.0,89.8,免费评估
51,布拉德福德大学University of Bradford,114,3.79,2.71,78.0,89.7,免费评估
52,威斯敏斯特大学University of Westminster,111,4.24,2.68,68.0,89.7,免费评估
53,赫尔大学The University of Hull,120,3.87,2.21,74.0,89.6,免费评估
54,诺桑比亚大学Northumbria University,133,4.19,2.49,62.0,89.4,免费评估
55,牛津布鲁克斯大学Oxford Brookes University,119,3.95,2.37,70.0,89.4,免费评估
56,诺丁汉特伦特大学Nottingham Trent University,118,4.14,2.34,74.0,89.2,免费评估
57,伯恩茅斯大学Bournemouth University,113,3.83,3.1,,89.2,免费评估
58,德蒙福特大学De Montfort University,100,4.11,2.74,72.0,89.0,免费评估
59,伦敦南岸大学London South Bank University,99,4.06,2.67,,89.0,免费评估
60,林肯大学University of Lincoln,114,3.89,2.17,76.0,88.9,免费评估
61,西英格兰大学University of the West of England,117,4.3,2.07,62.0,88.5,免费评估
62,考文垂大学Coventry University,109,4.16,2.01,72.0,88.3,免费评估
63,利物浦霍普大学Liverpool Hope University,98,4.04,1.76,76.0,88.1,免费评估
64,西苏格兰大学University of the West of Scotland,137,3.86,2.23,58.0,87.5,免费评估
65,曼彻斯特城市大学Manchester Metropolitan University,120,4.18,2.82,50.0,87.4,免费评估
66,东伦敦大学University of East London,100,4.27,2.74,58.0,87.4,免费评估
67,中央兰开夏大学University of Central Lancashire,117,4.37,2.33,52.0,87.2,免费评估
68,索尔福德大学University of Salford,112,3.7,2.04,72.0,86.9,免费评估
69,阿尔斯特大学University of Ulster,112,4.09,2.58,50.0,86.9,免费评估
70,谢菲尔德哈莱姆大学Sheffield Hallam University,102,4.04,2.72,58.0,86.6,免费评估
71,利兹贝克特大学Leeds Beckett University,97,4.13,1.93,68.0,86.6,免费评估
72,米德塞斯大学Middlesex University,93,3.75,2.58,,86.4,免费评估
73,白金汉大学The University of Buckingham,117,4.34,,,86.3,免费评估
74,布莱顿大学University of Brighton,97,3.5,2.95,,86.1,免费评估
75,伦敦大学金史密斯学院Goldsmiths University of London,108,3.67,2.5,54.0,86.0,免费评估
76,伦敦都市大学London Metropolitan University,101,4.23,1.85,64.0,85.5,免费评估
77,伍尔弗汉普顿大学University of Wolverhampton,82,4.52,,,84.5,免费评估
78,德比大学University of Derby,125,3.51,,,83.5,免费评估
79,金斯顿大学Kingston University,102,3.97,,58.0,83.3,免费评估
80,切斯特大学University of Chester,106,3.91,,48.0,81.7,免费评估
81,Canterbury Christ Church,91,4.2,1.7,36.0,81.0,免费评估
82,温切斯特大学University of Winchester,92,4.04,,46.0,81.0,免费评估
83,北安普顿大学The University of Northampton,65,3.93,,,80.8,免费评估
