﻿Ranking,University Name,Entry Standards,Student Satisfaction,Research Assessment,Graduate Prospects,Overall Score,Free
1,巴斯大学University of Bath,536.0,4.2,3.2,,100.0,免费评估
2,杜伦大学Durham University,476.0,4.21,3.05,,95.8,免费评估
3,利兹大学University of Leeds,425.0,3.91,3.18,88.0,94.7,免费评估
4,思克莱德大学University of Strathclyde,485.0,4.11,3.17,70.0,94.4,免费评估
5,兰卡斯特大学Lancaster University,370.0,4.23,3.16,90.0,94.1,免费评估
6,纽卡斯尔大学Newcastle University,416.0,3.84,2.72,86.0,92.4,免费评估
7,萨塞克斯大学University of Sussex,356.0,4.1,2.87,90.0,92.1,免费评估
8,曼彻斯特大学The University of Manchester,425.0,3.96,3.07,74.0,91.8,免费评估
9,肯特大学University of Kent,377.0,4.35,2.84,,91.5,免费评估
10,东英吉利大学University of East Anglia,396.0,3.92,3.09,,91.0,免费评估
11,雷丁大学University of Reading,367.0,3.67,3.24,78.0,90.5,免费评估
12,阿斯顿大学Aston University,380.0,4.13,3.07,76.0,90.4,免费评估
13,利物浦大学The University of Liverpool,389.0,4.26,2.92,72.0,90.3,免费评估
14,莱斯特大学University of Leicester,373.0,4.04,2.66,,89.9,免费评估
15,伦敦大学皇家霍洛威学院Royal Holloway University of London,411.0,4.02,2.96,66.0,89.7,免费评估
16,Cardiff,,3.91,3.28,,89.7,免费评估
17,基尔大学Keele University,318.0,4.41,2.4,82.0,88.7,免费评估
18,亚伯大学Aberystwyth University,,3.98,2.52,78.0,88.4,免费评估
19,斯旺西大学Swansea University,,3.97,2.93,,88.4,免费评估
20,南安普顿大学University of Southampton,377.0,3.63,2.9,,88.3,免费评估
21,埃塞克斯大学University of Essex,314.0,4.06,2.86,76.0,88.0,免费评估
22,牛津布鲁克斯大学Oxford Brookes University,315.0,4.15,2.65,84.0,87.8,免费评估
23,斯特林大学University of Stirling,406.0,3.93,2.97,58.0,87.6,免费评估
24,阿尔斯特大学University of Ulster,326.0,4.25,2.97,62.0,87.4,免费评估
25,诺丁汉特伦特大学Nottingham Trent University,349.0,4.09,2.65,76.0,87.4,免费评估
26,布鲁内尔大学Brunel University,,3.84,2.53,,87.3,免费评估
27,考文垂大学Coventry University,317.0,4.32,2.5,80.0,87.0,免费评估
28,德蒙福特大学De Montfort University,268.0,4.14,2.74,84.0,86.7,免费评估
29,朴茨茅斯大学University of Portsmouth,316.0,4.06,2.74,76.0,86.7,免费评估
30,布拉德福德大学University of Bradford,369.0,3.85,2.83,66.0,86.4,免费评估
31,邓迪大学University of Dundee,,4.06,2.3,,86.2,免费评估
32,Lincoln,307.0,3.96,2.65,80.0,86.2,免费评估
33,曼彻斯特城市大学Manchester Metropolitan University,346.0,3.86,2.6,74.0,86.0,免费评估
34,"伦敦大学伯克贝克学院Birkbeck, University Of London",,3.82,2.5,,85.9,免费评估
35,Plymouth,299.0,4.18,2.48,72.0,85.9,免费评估
36,赫尔大学The University of Hull,294.0,3.96,2.54,78.0,85.8,免费评估
37,西英格兰大学University of the West of England,301.0,4.09,2.59,74.0,85.3,免费评估
38,伯恩茅斯大学Bournemouth University,310.0,3.99,2.65,72.0,85.3,免费评估
39,哈德斯菲尔德大学University of Huddersfield,346.0,4.08,2.44,66.0,84.9,免费评估
40,龙比亚大学Napier University,370.0,3.84,2.47,66.0,84.9,免费评估
41,班戈大学Bangor University,,4.12,2.81,54.0,84.4,免费评估
42,中央兰开夏大学University of Central Lancashire,327.0,4.02,2.4,68.0,84.4,免费评估
43,谢菲尔德哈莱姆大学Sheffield Hallam University,300.0,3.95,2.32,78.0,84.3,免费评估
44,诺桑比亚大学Northumbria University,,3.95,2.54,,84.1,免费评估
45,利物浦约翰摩尔斯大学Liverpool John Moores University,326.0,4.47,,74.0,83.7,免费评估
46,米德塞斯大学Middlesex University,281.0,4.13,2.72,64.0,83.4,免费评估
47,罗汉普顿大学Roehampton University,246.0,3.84,2.23,82.0,83.3,免费评估
48,法尔茅斯大学Falmouth University,300.0,4.12,,82.0,83.1,免费评估
49,伯明翰城市大学Birmingham City University,296.0,4.19,2.42,66.0,83.0,免费评估
50,金斯顿大学Kingston University,299.0,4.03,2.78,60.0,83.0,免费评估
51,格林威治大学The University of Greenwich,330.0,3.79,2.21,66.0,82.8,免费评估
52,赫特福德大学University of Hertfordshire,290.0,4.2,2.05,70.0,82.8,免费评估
53,德比大学University of Derby,288.0,4.13,1.93,70.0,82.2,免费评估
54,西苏格兰大学University of the West of Scotland,359.0,3.64,2.28,56.0,81.7,免费评估
55,威斯敏斯特大学University of Westminster,353.0,3.6,2.27,58.0,81.6,免费评估
56,利兹贝克特大学Leeds Beckett University,269.0,3.91,1.92,74.0,81.5,免费评估
57,切斯特大学University of Chester,290.0,3.91,1.57,74.0,81.4,免费评估
58,格罗斯特大学University of Gloucestershire,311.0,4.03,,70.0,81.0,免费评估
59,新白金汉大学Buckinghamshire New University,263.0,3.81,2.43,66.0,80.7,免费评估
60,艾芝西尔大学Edge Hill University,307.0,4.19,,66.0,80.6,免费评估
61,蒂赛德大学Teesside University,241.0,4.14,2.23,,79.7,免费评估
62,利物浦霍普大学Liverpool Hope University,303.0,4.62,,54.0,79.7,免费评估
63,伍斯特大学University of Worcester,290.0,3.84,1.65,62.0,79.7,免费评估
64,约克圣约翰大学York St John University,,4.06,1.34,,79.6,免费评估
65,南威尔士大学The University of South Wales,334.0,3.67,1.44,62.0,79.5,免费评估
66,伦敦南岸大学London South Bank University,262.0,4.56,1.83,50.0,79.2,免费评估
67,剑桥安鲁大学Anglia Ruskin University,263.0,3.73,2.42,58.0,79.2,免费评估
68,奇切斯特大学University of Chichester,256.0,4.05,,68.0,78.7,免费评估
69,北安普顿大学The University of Northampton,245.0,3.8,1.86,52.0,78.5,免费评估
70,巴斯斯巴大学Bath Spa University,284.0,4.04,,,78.1,免费评估
71,格拉斯哥喀里多尼亚大学Glasgow Caledonian University,,3.88,2.29,48.0,78.0,免费评估
72,东伦敦大学University of East London,256.0,4.27,2.26,46.0,77.8,免费评估
73,坎特伯雷大学Canterbury Christ Church University,258.0,3.9,,64.0,77.6,免费评估
74,索尔福德大学University of Salford,278.0,3.53,2.66,44.0,77.3,免费评估
75,南安普顿索伦特大学Southampton Solent University,253.0,3.88,,62.0,76.9,免费评估
76,卡迪夫都市大学Cardiff Metropolitan University,276.0,3.44,,64.0,76.7,免费评估
77,利兹圣三一大学Leeds Trinity University,261.0,3.96,,,76.7,免费评估
78,布莱顿大学University of Brighton,297.0,4.35,2.84,20.0,76.6,免费评估
79,贝德福德大学University of Bedfordshire,203.0,4.01,2.36,48.0,76.0,免费评估
80,伦敦都市大学London Metropolitan University,252.0,3.5,2.31,44.0,74.8,免费评估
81,温切斯特大学University of Winchester,290.0,3.11,,,74.4,免费评估
82,圣大卫三一学院University of Wales Trinity Saint David,160.0,3.78,,52.0,71.4,免费评估
