﻿Ranking,University Name,Entry Standards,Student Satisfaction,Research Assessment,Graduate Prospects,Overall Score,Free
1,杜伦大学Durham University,429.0,4.35,3.3,88.0,100.0,免费评估
2,格拉斯哥大学University of Glasgow,458.0,4.17,3.0,96.0,99.9,免费评估
3,剑桥大学University of Cambridge,505.0,3.99,3.3,88.0,98.9,免费评估
4,西苏格兰大学University of the West of Scotland,425.0,4.43,2.35,92.0,98.4,免费评估
5,伯明翰大学University of Birmingham,364.0,4.41,3.26,86.0,97.2,免费评估
6,邓迪大学University of Dundee,394.0,4.23,2.79,97.0,96.1,免费评估
7,斯特林大学University of Stirling,404.0,3.98,2.99,96.0,94.5,免费评估
8,爱丁堡大学The University of Edinburgh,440.0,3.82,3.21,97.0,94.3,免费评估
9,南安普顿大学University of Southampton,373.0,4.46,3.08,63.0,94.2,免费评估
10,雷丁大学University of Reading,349.0,4.3,3.04,86.0,93.9,免费评估
11,思克莱德大学University of Strathclyde,441.0,3.93,2.78,85.0,93.0,免费评估
12,东英吉利大学University of East Anglia,387.0,4.23,2.83,66.0,91.5,免费评估
13,西英格兰大学University of the West of England,333.0,4.33,2.7,82.0,90.9,免费评估
14,利物浦霍普大学Liverpool Hope University,308.0,4.53,2.55,72.0,90.3,免费评估
15,谢菲尔德大学The University of Sheffield,380.0,4.18,3.32,59.0,90.0,免费评估
16,哈德斯菲尔德大学University of Huddersfield,310.0,4.39,2.61,80.0,89.9,免费评估
17,班戈大学Bangor University,351.0,4.05,3.13,76.0,89.7,免费评估
18,利兹大学University of Leeds,368.0,4.23,2.96,58.0,89.3,免费评估
19,约克大学The University of York,364.0,3.92,3.2,74.0,88.6,免费评估
20,基尔大学Keele University,359.0,4.12,2.86,66.0,88.5,免费评估
21,诺桑比亚大学Northumbria University,363.0,4.2,,90.0,88.5,免费评估
22,布鲁内尔大学Brunel University,349.0,4.1,2.66,71.0,88.1,免费评估
23,曼彻斯特大学The University of Manchester,388.0,3.99,3.11,58.0,88.0,免费评估
24,温切斯特大学University of Winchester,326.0,4.2,2.46,81.0,87.7,免费评估
25,布莱顿大学University of Brighton,320.0,4.11,2.47,89.0,87.6,免费评估
26,伦敦大学学院University College London,343.0,4.07,3.21,64.0,87.6,免费评估
27,阿伯丁大学University of Aberdeen,397.0,3.63,2.71,96.0,87.5,免费评估
28,艾芝西尔大学Edge Hill University,322.0,4.26,2.21,81.0,87.5,免费评估
29,Cardiff,352.0,4.08,3.3,59.0,87.1,免费评估
30,曼彻斯特城市大学Manchester Metropolitan University,348.0,3.99,2.88,79.0,87.0,免费评估
31,坎特伯雷大学Canterbury Christ Church University,303.0,4.03,2.47,90.0,86.0,免费评估
32,"特威克南圣玛丽大学St Mary's, Twickenham",288.0,4.25,1.49,90.0,85.6,免费评估
33,约克圣约翰大学York St John University,327.0,4.16,1.74,80.0,85.4,免费评估
34,牛津布鲁克斯大学Oxford Brookes University,349.0,4.04,2.3,74.0,85.3,免费评估
35,伯明翰城市大学Birmingham City University,306.0,4.07,2.38,83.0,85.1,免费评估
36,斯塔福德郡大学Staffordshire University,292.0,4.22,2.38,,85.0,免费评估
37,米德塞斯大学Middlesex University,301.0,3.99,2.58,80.0,85.0,免费评估
38,诺丁汉特伦特大学Nottingham Trent University,357.0,4.16,1.87,65.0,84.7,免费评估
39,奇切斯特大学University of Chichester,306.0,4.16,,85.0,84.1,免费评估
40,贝德福德大学University of Bedfordshire,283.0,4.25,2.26,71.0,84.0,免费评估
41,利物浦约翰摩尔斯大学Liverpool John Moores University,346.0,3.91,2.65,72.0,83.8,免费评估
42,利兹贝克特大学Leeds Beckett University,281.0,4.22,2.14,74.0,83.7,免费评估
43,巴斯斯巴大学Bath Spa University,315.0,4.08,2.15,74.0,83.7,免费评估
44,北安普顿大学The University of Northampton,292.0,4.11,1.98,67.0,83.5,免费评估
45,赫特福德大学University of Hertfordshire,295.0,4.19,,83.0,83.5,免费评估
46,苏格兰皇家音乐学院Royal Conservatoire of Scotland,,3.88,,97.0,83.4,免费评估
47,谢菲尔德哈莱姆大学Sheffield Hallam University,305.0,4.01,2.7,73.0,83.2,免费评估
48,德比大学University of Derby,300.0,4.26,2.15,64.0,83.2,免费评估
49,切斯特大学University of Chester,316.0,4.06,2.07,74.0,83.0,免费评估
50,格罗斯泰斯特主教大学Bishop Grosseteste University,294.0,4.23,1.93,69.0,82.9,免费评估
51,伍斯特大学University of Worcester,300.0,4.13,1.82,75.0,82.9,免费评估
52,Plymouth Marjon,318.0,4.1,,78.0,82.6,免费评估
53,华威大学The University of Warwick,350.0,3.81,3.04,52.0,82.6,免费评估
54,Plymouth,308.0,3.88,2.52,74.0,82.3,免费评估
55,罗汉普顿大学Roehampton University,305.0,3.8,2.88,72.0,82.2,免费评估
56,赫尔大学The University of Hull,306.0,3.9,2.3,76.0,81.8,免费评估
57,格罗斯特大学University of Gloucestershire,308.0,4.13,,73.0,81.7,免费评估
58,亚伯大学Aberystwyth University,303.0,4.23,,66.0,81.5,免费评估
59,波尔顿大学University of Bolton,229.0,4.4,2.04,60.0,81.1,免费评估
60,格林威治大学The University of Greenwich,343.0,4.02,1.7,62.0,80.8,免费评估
61,Wrexham Glyndwr,274.0,4.38,,58.0,80.6,免费评估
62,利兹圣三一大学Leeds Trinity University,288.0,3.99,,82.0,80.4,免费评估
63,哥比亚大学University of Cumbria,303.0,3.89,1.96,78.0,80.3,免费评估
64,南威尔士大学The University of South Wales,331.0,4.13,,59.0,80.3,免费评估
65,德蒙福特大学De Montfort University,301.0,4.11,,69.0,80.3,免费评估
66,伦敦都市大学London Metropolitan University,245.0,4.29,2.65,50.0,79.8,免费评估
67,桑德兰大学University of Sunderland,322.0,3.64,1.59,87.0,79.8,免费评估
68,纽曼大学Newman University,308.0,3.84,2.38,69.0,79.7,免费评估
69,朴茨茅斯大学University of Portsmouth,333.0,4.02,,61.0,79.3,免费评估
70,蒂赛德大学Teesside University,290.0,4.01,2.99,42.0,78.6,免费评估
71,中央兰开夏大学University of Central Lancashire,344.0,3.96,,57.0,78.4,免费评估
72,圣大卫三一学院University of Wales Trinity Saint David,320.0,4.12,,50.0,78.0,免费评估
73,伦敦大学金史密斯学院Goldsmiths University of London,267.0,3.97,2.73,40.0,77.5,免费评估
74,东伦敦大学University of East London,296.0,4.07,2.55,41.0,77.5,免费评估
75,金斯顿大学Kingston University,281.0,3.94,,66.0,76.4,免费评估
76,卡迪夫都市大学Cardiff Metropolitan University,296.0,4.04,,49.0,75.5,免费评估
77,剑桥安鲁大学Anglia Ruskin University,276.0,3.73,1.94,55.0,72.8,免费评估
