﻿Ranking,University Name,Guardian score,Satisfied with course,Satisfied with teaching,Satisfied with feedback,Student:staff ratio,Spend per student,Average entry tariff,Value-added score,Career after 6 mths,Free
1,剑桥大学University of Cambridge,100.0,95.2,96.6,74.8,12.7,10,223,9.0,88.0,免费评估
2,牛津大学University of Oxford,89.5,90.3,90.3,70.0,12.2,10,208,9.0,85.0,免费评估
3,邓迪大学University of Dundee,88.9,94.9,97.3,79.3,16.5,6,184,9.0,92.0,免费评估
4,伦敦政治经济学院The London School of Economics and Political Science,83.5,84.0,87.7,72.2,12.3,8,209,8.0,84.0,免费评估
5,约克大学The University of York,83.1,95.0,93.0,76.7,17.2,4,173,8.0,83.0,免费评估
6,伦敦大学学院University College London,82.7,78.0,86.4,66.7,13.3,10,204,9.0,93.0,免费评估
7,阿伯泰邓迪大学University of Abertay Dundee,82.4,99.0,95.7,89.5,19.8,2,150,,,免费评估
8,杜伦大学Durham University,79.7,93.9,89.7,79.5,18.4,5,208,8.0,83.0,免费评估
9,格拉斯哥大学University of Glasgow,78.9,93.1,91.1,67.8,23.6,8,233,7.0,91.0,免费评估
10,利兹大学University of Leeds,78.5,95.0,94.3,82.3,19.1,9,169,7.0,76.0,免费评估
11,布里斯托大学University of Bristol,76.3,85.0,90.3,71.7,19.9,6,188,8.0,80.0,免费评估
12,伦敦国王学院King's College London,76.0,83.4,86.7,57.2,17.0,10,205,9.0,80.0,免费评估
13,肯特大学University of Kent,75.3,93.9,92.9,76.4,17.5,7,147,5.0,86.0,免费评估
14,南安普顿索伦特大学Southampton Solent University,75.1,95.5,95.1,86.4,25.3,5,95,9.0,73.0,免费评估
15,阿伯丁大学University of Aberdeen,74.6,93.0,93.3,71.8,23.0,5,198,9.0,91.0,免费评估
16,诺丁汉大学University of Nottingham,74.1,96.0,92.0,75.8,20.1,6,181,5.0,82.0,免费评估
17,伦敦大学玛丽女王学院Queen Mary University of London,72.4,86.0,88.1,71.2,16.4,10,169,8.0,80.0,免费评估
18,东英吉利大学University of East Anglia,72.3,91.0,90.4,68.0,16.4,4,162,8.0,78.0,免费评估
19,哥比亚大学University of Cumbria,71.4,95.8,96.2,85.7,,3,92,5.0,,免费评估
20,白金汉大学The University of Buckingham,71.3,91.0,91.7,78.7,14.9,5,121,7.0,,免费评估
21,阿尔斯特大学University of Ulster,69.9,89.0,89.6,82.6,16.3,4,130,6.0,82.0,免费评估
22,华威大学The University of Warwick,69.6,79.0,85.3,59.0,15.2,8,181,8.0,80.0,免费评估
23,诺丁汉特伦特大学Nottingham Trent University,69.1,92.9,89.0,77.6,18.3,6,140,6.0,81.0,免费评估
23,萨塞克斯大学University of Sussex,69.1,89.0,89.0,67.1,16.3,4,151,4.0,85.0,免费评估
25,伦敦南岸大学London South Bank University,68.8,93.1,93.7,82.0,19.7,8,93,8.0,80.0,免费评估
25,爱丁堡大学The University of Edinburgh,68.8,87.0,87.4,55.2,18.4,7,197,8.0,84.0,免费评估
27,伯明翰大学University of Birmingham,68.6,85.0,89.3,72.9,21.6,8,158,8.0,82.0,免费评估
28,班戈大学Bangor University,68.0,93.0,89.7,79.5,19.9,3,133,6.0,80.0,免费评估
29,斯旺西大学Swansea University,67.6,91.0,94.7,71.5,24.2,4,135,5.0,90.0,免费评估
30,英国女王大学Queen's University Belfast,66.7,84.0,83.0,71.3,20.2,6,154,6.0,89.0,免费评估
31,龙比亚大学Napier University,66.6,89.6,90.5,68.4,24.4,5,170,10.0,75.0,免费评估
32,埃克塞特大学University of Exeter,66.5,87.0,87.1,77.4,25.5,4,172,6.0,83.0,免费评估
33,朴茨茅斯大学University of Portsmouth,66.3,91.0,92.0,74.5,19.0,8,125,4.0,86.0,免费评估
34,格拉斯哥喀里多尼亚大学Glasgow Caledonian University,65.8,88.0,92.1,58.2,20.6,4,182,8.0,84.0,免费评估
35,基尔大学Keele University,65.0,88.0,92.0,73.2,17.7,4,116,3.0,88.0,免费评估
35,罗伯特高登大学The Robert Gordon University,65.0,93.1,89.0,68.3,23.0,3,165,7.0,87.0,免费评估
37,南安普顿大学University of Southampton,64.4,79.0,86.9,70.9,17.3,6,152,6.0,82.0,免费评估
38,谢菲尔德大学The University of Sheffield,63.9,84.0,88.1,67.6,21.5,5,152,7.0,84.0,免费评估
39,普利茅斯大学University of Plymouth,63.5,88.4,92.4,79.7,19.7,3,124,7.0,74.0,免费评估
40,Bucks New Uni,63.1,77.1,77.6,75.3,12.7,7,97,,,免费评估
41,曼彻斯特城市大学Manchester Metropolitan University,63.0,94.0,93.3,83.8,15.5,5,123,1.0,75.0,免费评估
42,西英格兰大学University of the West of England,62.8,90.0,89.0,69.5,21.1,6,116,7.0,78.0,免费评估
43,思克莱德大学University of Strathclyde,62.0,88.0,91.7,61.8,26.7,3,213,6.0,84.0,免费评估
44,格林威治大学The University of Greenwich,61.9,87.7,86.9,78.1,16.4,4,132,6.0,67.0,免费评估
44,兰卡斯特大学Lancaster University,61.9,84.8,86.0,66.6,15.9,6,153,3.0,93.0,免费评估
46,斯塔福德郡大学Staffordshire University,61.7,86.9,87.0,73.0,17.6,8,113,8.0,81.0,免费评估
47,Lincoln,61.0,91.1,89.6,72.1,22.6,3,121,6.0,80.0,免费评估
48,南威尔士大学The University of South Wales,60.7,88.0,91.3,84.0,19.1,3,122,3.0,70.0,免费评估
49,纽卡斯尔大学Newcastle University,60.5,84.0,88.7,70.0,18.7,5,178,4.0,74.0,免费评估
50,利物浦大学The University of Liverpool,60.0,85.1,82.6,67.5,21.9,7,147,8.0,75.0,免费评估
50,斯特林大学University of Stirling,60.0,91.4,91.7,77.0,26.7,2,172,7.0,76.0,免费评估
52,伯恩茅斯大学Bournemouth University,59.9,84.0,84.9,69.5,17.6,4,116,8.0,79.0,免费评估
52,卡迪夫大学Cardiff University,59.9,85.0,85.7,74.1,14.6,7,158,3.0,69.0,免费评估
54,哈德斯菲尔德大学University of Huddersfield,59.8,90.1,86.0,82.6,23.3,4,126,6.0,77.0,免费评估
54,艾芝西尔大学Edge Hill University,59.8,90.4,93.0,80.5,17.3,3,119,5.0,64.0,免费评估
56,诺桑比亚大学Northumbria University,59.4,86.1,86.4,62.3,15.8,5,136,8.0,73.0,免费评估
57,利物浦约翰摩尔斯大学Liverpool John Moores University,59.0,86.0,86.8,76.3,19.3,4,137,6.0,79.0,免费评估
58,泰晤士河谷大学Thames Valley University,58.8,86.3,85.5,75.3,23.4,6,109,5.0,79.0,免费评估
59,坎特伯雷大学Canterbury Christ Church University,58.7,77.5,85.8,72.8,18.8,4,111,6.0,,免费评估
60,曼彻斯特大学The University of Manchester,58.5,80.2,83.3,55.9,19.5,8,167,6.0,81.0,免费评估
60,蒂赛德大学Teesside University,58.5,90.6,90.1,83.2,21.6,4,110,6.0,70.0,免费评估
62,贝德福德大学University of Bedfordshire,58.3,89.3,90.3,84.7,24.3,7,77,8.0,66.0,免费评估
63,莱斯特大学University of Leicester,58.2,83.0,83.9,63.2,18.8,6,144,5.0,76.0,免费评估
64,米德塞斯大学Middlesex University,57.4,91.0,84.0,66.6,18.5,8,109,5.0,,免费评估
65,"特威克南圣玛丽大学St Mary's, Twickenham",57.2,91.0,88.0,77.0,24.5,2,111,6.0,,免费评估
65,雷丁大学University of Reading,57.2,87.0,74.8,66.1,20.9,6,144,5.0,84.0,免费评估
67,赫尔大学The University of Hull,56.9,85.0,85.3,68.9,19.8,4,125,5.0,86.0,免费评估
68,谢菲尔德哈莱姆大学Sheffield Hallam University,56.1,91.0,91.7,79.8,18.6,6,117,5.0,68.0,免费评估
68,桑德兰大学University of Sunderland,56.1,88.1,85.8,83.4,18.9,4,104,5.0,80.0,免费评估
70,"伦敦大学伯克贝克学院Birkbeck, University Of London",55.4,76.0,87.0,60.2,18.1,4,98,2.0,93.0,免费评估
70,埃塞克斯大学University of Essex,55.4,75.2,75.7,49.5,17.9,7,116,6.0,88.0,免费评估
72,考文垂大学Coventry University,55.2,85.0,88.7,65.1,27.4,7,114,7.0,74.0,免费评估
73,德蒙福特大学De Montfort University,54.9,92.9,85.9,73.7,33.2,4,108,8.0,80.0,免费评估
74,牛津布鲁克斯大学Oxford Brookes University,54.7,90.9,87.9,71.4,22.5,4,110,6.0,69.0,免费评估
75,德比大学University of Derby,54.0,73.1,78.9,64.3,20.9,8,101,7.0,78.0,免费评估
75,伦敦大学亚非学院SOAS University of London,54.0,80.6,83.7,50.3,16.0,4,150,4.0,72.0,免费评估
77,亚伯大学Aberystwyth University,53.8,87.0,86.4,67.3,16.2,4,111,2.0,85.0,免费评估
78,利物浦霍普大学Liverpool Hope University,52.0,85.5,87.7,76.6,15.9,2,105,1.0,,免费评估
79,索尔福德大学University of Salford,51.7,93.0,91.6,78.9,31.8,8,119,3.0,76.0,免费评估
79,中央兰开夏大学University of Central Lancashire,51.7,86.1,84.4,71.4,25.1,4,133,8.0,63.0,免费评估
81,阿斯顿大学Aston University,51.4,92.0,87.0,78.8,29.7,7,140,5.0,61.0,免费评估
82,布鲁内尔大学Brunel University,51.1,76.8,83.8,57.5,18.5,4,133,4.0,80.0,免费评估
83,东伦敦大学University of East London,50.2,84.1,86.5,69.5,18.8,5,108,3.0,63.0,免费评估
83,萨里大学University of Surrey,50.2,76.2,86.0,68.4,23.8,4,159,5.0,72.0,免费评估
85,布拉德福德大学University of Bradford,49.7,84.0,85.7,76.7,28.8,4,126,6.0,78.0,免费评估
86,伦敦城市大学City University London,49.2,84.0,85.0,60.3,20.3,7,141,1.0,,免费评估
87,赫特福德大学University of Hertfordshire,47.9,83.8,85.7,73.5,34.7,3,106,8.0,75.0,免费评估
88,布莱顿大学University of Brighton,47.2,77.8,78.8,60.2,25.9,2,112,6.0,,免费评估
89,威斯敏斯特大学University of Westminster,46.9,79.2,77.9,68.2,18.5,3,115,3.0,75.0,免费评估
90,格罗斯特大学University of Gloucestershire,45.5,83.2,90.7,76.3,28.5,7,115,2.0,,免费评估
91,剑桥安鲁大学Anglia Ruskin University,45.1,87.0,87.0,79.8,21.2,9,93,2.0,60.0,免费评估
92,伯明翰城市大学Birmingham City University,43.0,84.0,83.3,75.1,23.0,7,118,1.0,67.0,免费评估
93,波尔顿大学University of Bolton,38.9,79.7,82.0,66.5,18.3,2,102,1.0,,免费评估
94,北安普顿大学The University of Northampton,38.8,89.0,83.6,67.3,22.4,5,96,3.0,64.0,免费评估
95,伦敦都市大学London Metropolitan University,37.0,73.8,64.2,60.1,24.6,3,89,5.0,88.0,免费评估
96,西苏格兰大学University of the West of Scotland,36.3,78.2,83.7,64.9,36.3,6,134,4.0,,免费评估
97,切斯特大学University of Chester,35.7,80.0,83.6,61.4,28.9,4,108,1.0,82.0,免费评估
98,伍尔弗汉普顿大学University of Wolverhampton,34.9,79.2,84.3,72.8,26.7,4,101,1.0,72.0,免费评估
99,温切斯特大学University of Winchester,31.8,72.1,81.1,62.9,17.3,2,104,2.0,53.0,免费评估
100,利兹贝克特大学Leeds Beckett University,30.5,86.0,87.0,71.8,29.4,5,102,1.0,68.0,免费评估
