﻿Ranking,University Name,Teaching quality,Student experience,Research rating,Entry points,Graduate prospects,Total score,Free
1,剑桥大学University of Cambridge,,,56.3%,211.0,80.9%,100.0,免费评估
2,牛津大学University of Oxford,,,56.1%,208.0,81.9%,97.1,免费评估
3,杜伦大学Durham University,84.5%,73.6%,41.4%,208.0,86.2%,96.1,免费评估
4,圣安德鲁斯大学University of St Andrews,87.3%,83.4%,46.7%,198.0,71.7%,95.6,免费评估
5,谢菲尔德大学The University of Sheffield,83.1%,82.0%,53.7%,159.0,78.5%,93.9,免费评估
6,兰卡斯特大学Lancaster University,87.9%,80.4%,37.0%,161.0,83.4%,93.5,免费评估
7,约克大学The University of York,84.0%,77.6%,43.3%,173.0,79.6%,93.2,免费评估
8,伯明翰大学University of Birmingham,83.9%,79.2%,48.8%,163.0,76.6%,93.0,免费评估
9,埃克塞特大学University of Exeter,79.3%,75.1%,45.6%,183.0,80.1%,92.8,免费评估
10,伦敦大学学院University College London,78.2%,69.3%,51.9%,186.0,77.9%,92.6,免费评估
11,拉夫堡大学Loughborough University,91.1%,91.0%,22.5%,150.0,82.2%,92.3,免费评估
12,华威大学The University of Warwick,79.3%,74.6%,51.7%,175.0,74.8%,92.2,免费评估
13,利兹大学University of Leeds,82.9%,79.9%,43.6%,169.0,74.0%,92.0,免费评估
14,伦敦政治经济学院The London School of Economics and Political Science,74.8%,68.4%,46.8%,189.0,79.5%,91.4,免费评估
15,格拉斯哥大学University of Glasgow,80.8%,74.3%,47.7%,185.0,67.2%,91.3,免费评估
16,萨塞克斯大学University of Sussex,84.8%,78.5%,41.3%,140.0,79.9%,91.0,免费评估
17,诺丁汉大学University of Nottingham,81.2%,76.9%,36.9%,161.0,81.3%,90.9,免费评估
18,曼彻斯特大学The University of Manchester,,,39.8%,162.0,71.2%,90.6,免费评估
19,南安普顿大学University of Southampton,80.3%,75.4%,50.6%,151.0,71.9%,90.2,免费评估
20,肯特大学University of Kent,83.5%,77.4%,41.3%,136.0,79.0%,90.1,免费评估
20,东英吉利大学University of East Anglia,84.2%,77.9%,47.4%,147.0,68.0%,90.1,免费评估
22,University of Lincoln,90.8%,85.8%,25.9%,124.0,79.7%,90.0,免费评估
23,邓迪大学University of Dundee,85.5%,82.1%,30.4%,172.0,64.9%,89.5,免费评估
24,思克莱德大学University of Strathclyde,81.3%,73.5%,42.0%,198.0,56.0%,89.4,免费评估
24,布里斯托大学University of Bristol,,,40.6%,186.0,70.9%,89.4,免费评估
26,伦敦大学玛丽女王学院Queen Mary University of London,82.7%,78.6%,43.7%,147.0,67.3%,89.1,免费评估
26,伦敦大学皇家霍洛威学院Royal Holloway University of London,84.1%,76.9%,40.6%,139.0,72.3%,89.1,免费评估
28,阿伯丁大学University of Aberdeen,81.6%,80.4%,36.1%,169.0,64.7%,88.9,免费评估
29,纽卡斯尔大学Newcastle University,81.6%,76.6%,29.0%,161.0,75.5%,88.7,免费评估
30,朴茨茅斯大学University of Portsmouth,89.5%,87.6%,32.2%,107.0,73.4%,88.5,免费评估
31,赫特福德大学University of Hertfordshire,83.6%,80.6%,46.7%,108.0,72.9%,88.4,免费评估
31,伦敦国王学院King's College London,76.9%,66.9%,45.3%,163.0,71.7%,88.4,免费评估
33,利物浦大学The University of Liverpool,,,38.9%,140.0,67.2%,88.3,免费评估
33,基尔大学Keele University,85.1%,81.7%,32.8%,122.0,76.1%,88.3,免费评估
35,利物浦大学The University of Liverpool,88.5%,83.4%,15.7%,105.0,87.3%,87.6,免费评估
36,斯旺西大学Swansea University,83.4%,81.8%,25.0%,132.0,76.8%,87.5,免费评估
36,布鲁内尔大学Brunel University,89.7%,77.8%,32.4%,121.0,68.4%,87.5,免费评估
38,卡迪夫大学Cardiff University,84.4%,77.0%,31.4%,145.0,68.0%,87.4,免费评估
39,利物浦约翰摩尔斯大学Liverpool John Moores University,91.5%,88.0%,15.9%,130.0,68.3%,87.2,免费评估
40,斯特林大学University of Stirling,84.0%,79.9%,28.5%,166.0,56.9%,86.8,免费评估
41,英国女王大学Queen's University Belfast,80.7%,77.4%,46.3%,147.0,55.5%,86.7,免费评估
41,诺桑比亚大学Northumbria University,88.1%,83.0%,30.7%,127.0,61.8%,86.7,免费评估
43,爱丁堡大学The University of Edinburgh,71.5%,67.3%,46.9%,178.0,61.5%,86.5,免费评估
43,亚伯大学Aberystwyth University,85.9%,82.5%,19.5%,123.0,75.2%,86.5,免费评估
45,蒂赛德大学Teesside University,86.0%,77.8%,27.9%,101.0,78.9%,86.4,免费评估
46,哈德斯菲尔德大学University of Huddersfield,89.2%,79.0%,22.3%,112.0,71.8%,86.0,免费评估
46,赫尔大学The University of Hull,85.7%,81.9%,26.1%,117.0,70.3%,86.0,免费评估
48,伦敦大学亚非学院SOAS University of London,,,20.8%,137.0,71.7%,85.9,免费评估
48,班戈大学Bangor University,88.2%,84.2%,24.3%,128.0,61.3%,85.9,免费评估
50,考文垂大学Coventry University,89.6%,86.2%,5.6%,117.0,77.2%,85.6,免费评估
51,牛津布鲁克斯大学Oxford Brookes University,81.7%,78.4%,35.0%,129.0,61.5%,85.2,免费评估
51,莱斯特大学University of Leicester,79.0%,76.0%,34.3%,132.0,66.2%,85.2,免费评估
53,普利茅斯大学University of Plymouth,94.0%,88.0%,22.6%,109.0,53.1%,84.8,免费评估
54,罗汉普顿大学Roehampton University,86.5%,82.5%,21.4%,101.0,71.1%,84.7,免费评估
55,中央兰开夏大学University of Central Lancashire,91.9%,88.3%,12.0%,114.0,60.7%,84.4,免费评估
56,纽曼大学Newman University,89.7%,83.6%,12.0%,108.0,68.8%,84.3,免费评估
57,北安普顿大学The University of Northampton,91.0%,83.8%,21.5%,104.0,59.6%,84.2,免费评估
58,奇切斯特大学University of Chichester,92.9%,84.3%,15.8%,106.0,60.6%,84.1,免费评估
59,雷丁大学University of Reading,81.5%,70.3%,35.4%,133.0,58.2%,84.0,免费评估
59,"伦敦大学伯克贝克学院Birkbeck, University Of London",78.3%,71.3%,48.4%,104.0,61.9%,84.0,免费评估
59,埃塞克斯大学University of Essex,81.5%,78.2%,34.8%,107.0,64.0%,84.0,免费评估
62,德蒙福特大学De Montfort University,78.7%,74.3%,23.4%,111.0,78.2%,83.9,免费评估
63,诺丁汉特伦特大学Nottingham Trent University,82.3%,78.3%,17.5%,131.0,66.1%,83.6,免费评估
64,谢菲尔德哈莱姆大学Sheffield Hallam University,88.8%,82.9%,38.3%,109.0,42.3%,83.4,免费评估
65,曼彻斯特城市大学Manchester Metropolitan University,84.8%,81.6%,18.0%,122.0,61.8%,83.3,免费评估
66,德比大学University of Derby,93.0%,86.9%,13.5%,104.0,55.7%,83.1,免费评估
67,阿尔斯特大学University of Ulster,89.8%,83.4%,24.0%,110.0,48.2%,82.6,免费评估
68,西英格兰大学University of the West of England,86.8%,81.1%,28.9%,116.0,46.9%,82.5,免费评估
69,东伦敦大学University of East London,77.2%,76.2%,13.9%,,72.2%,82.2,免费评估
70,利兹圣三一大学Leeds Trinity University,95.3%,84.0%,10.3%,88.0,55.7%,81.9,免费评估
71,温切斯特大学University of Winchester,85.9%,80.8%,19.1%,108.0,53.4%,81.3,免费评估
71,伦敦大学金史密斯学院Goldsmiths University of London,79.4%,71.0%,34.5%,122.0,50.6%,81.3,免费评估
73,坎特伯雷大学Canterbury Christ Church University,91.3%,85.4%,16.3%,94.0,48.9%,81.1,免费评估
74,"特威克南圣玛丽大学St Mary's, Twickenham",90.7%,81.6%,11.0%,97.0,54.3%,80.8,免费评估
75,艾芝西尔大学Edge Hill University,80.3%,75.5%,23.6%,115.0,54.1%,80.5,免费评估
76,威斯敏斯特大学University of Westminster,81.1%,77.4%,11.8%,106.0,64.1%,80.3,免费评估
77,斯塔福德郡大学Staffordshire University,87.4%,81.8%,,89.0,67.6%,80.1,免费评估
78,University of Wales Trinity St David,90.6%,80.9%,17.3%,94.0,45.4%,79.9,免费评估
79,切斯特大学University of Chester,84.9%,80.8%,9.1%,112.0,52.3%,79.6,免费评估
80,南威尔士大学The University of South Wales,89.2%,77.0%,15.8%,123.0,37.6%,79.5,免费评估
80,剑桥安鲁大学Anglia Ruskin University,87.1%,86.4%,15.3%,96.0,45.7%,79.5,免费评估
80,格罗斯特大学University of Gloucestershire,80.7%,85.8%,11.2%,113.0,52.7%,79.5,免费评估
83,索尔福德大学University of Salford,80.5%,74.5%,,116.0,68.3%,79.4,免费评估
83,利兹贝克特大学Leeds Beckett University,82.9%,82.9%,11.0%,98.0,56.3%,79.4,免费评估
85,巴斯斯巴大学Bath Spa University,79.0%,71.6%,8.3%,109.0,65.6%,79.0,免费评估
86,萨福克学院University Campus Suffolk,100.0%,97.4%,,100.0,27.3%,78.8,免费评估
87,格罗斯泰斯特主教大学Bishop Grosseteste University,78.7%,67.3%,7.0%,93.0,71.7%,78.2,免费评估
88,伍斯特大学University of Worcester,77.4%,67.2%,19.5%,109.0,56.4%,78.1,免费评估
88,伍尔弗汉普顿大学University of Wolverhampton,85.3%,76.2%,18.8%,95.0,44.4%,78.1,免费评估
90,约克圣约翰大学York St John University,87.9%,79.8%,,104.0,50.4%,78.0,免费评估
91,桑德兰大学University of Sunderland,82.0%,73.8%,7.7%,97.0,53.9%,77.0,免费评估
92,格林威治大学The University of Greenwich,73.4%,62.7%,8.6%,125.0,59.8%,76.5,免费评估
93,布莱顿大学University of Brighton,79.9%,72.2%,13.1%,103.0,41.9%,75.4,免费评估
94,金斯顿大学Kingston University,80.1%,77.2%,,101.0,42.1%,74.0,免费评估
95,布拉德福德大学University of Bradford,63.8%,58.9%,12.7%,,72.0%*,73.6,免费评估
